Time,Price,Price Change,Momentum,Momentum Change,Cash Allocation,Coin Allocation,Cash Balance,Coin Balance,Total Balance
1668394855.2372863,0.047384,0.0,-0.000469,0.0,1.0,0.0,1000.0,0.0,1000.0
1668394915.017583,0.047227,-0.000157,-0.000698,-0.000229,1.0,0.0,1000.0,0.0,1000.0
1668394975.0387633,0.047375,0.000148,-0.000541,0.000157,0.0,1.0,0.0,21108.179419525062,1000.0
1668395036.2448404,0.04743,5.499999999999949e-05,-0.000575,-3.399999999999996e-05,1.0,0.0,1001.1609498680735,0.0,1001.1609498680735
1668395095.8161795,0.047551,0.000121,-0.000362,0.0002129999999999,0.0,1.0,0.0,21054.46678025853,1001.1609498680735
1668395155.9756637,0.047512,-3.900000000000431e-05,-0.000488,-0.0001259999999999,1.0,0.0,1000.3398256636432,0.0,1000.3398256636432
1668395216.413026,0.047485,-2.6999999999999247e-05,-0.000491,-3.0000000000000187e-06,1.0,0.0,1000.3398256636432,0.0,1000.3398256636432
1668395275.8493116,0.04745,-3.500000000000031e-05,-0.000423,6.800000000000003e-05,0.0,1.0,0.0,21081.9773585594,1000.3398256636432
1668395335.8726742,0.047423,-2.6999999999999247e-05,-0.00035,7.299999999999999e-05,0.0,1.0,0.0,21081.9773585594,999.7706122749624
1668395397.1842785,0.047441,1.7999999999997185e-05,0.000209,0.000559,0.0,1.0,0.0,21081.9773585594,1000.1500878674163
1668395455.8880656,0.04737,-7.099999999999468e-05,0.000177,-3.200000000000002e-05,1.0,0.0,998.6532674749589,0.0,998.6532674749589
1668395515.930371,0.04746,8.99999999999998e-05,0.000267,8.999999999999999e-05,0.0,1.0,0.0,21041.998893277683,998.6532674749589
1668395576.2507155,0.047422,-3.800000000000331e-05,0.000168,-9.9e-05,1.0,0.0,997.8536715170144,0.0,997.8536715170144
1668395635.9639442,0.047381,-4.099999999999937e-05,6e-06,-0.0001619999999999,1.0,0.0,997.8536715170144,0.0,997.8536715170144
1668395696.2210362,0.04746,7.900000000000268e-05,-3.7e-05,-4.3e-05,1.0,0.0,997.8536715170144,0.0,997.8536715170144
1668395755.9968555,0.047515,5.499999999999949e-05,-3.6e-05,9.999999999999972e-07,0.0,1.0,0.0,21000.813880185506,997.8536715170144
1668395815.893451,0.047334,-0.000181,-0.000178,-0.0001419999999999,1.0,0.0,994.0525242047008,0.0,994.0525242047008
1668395875.8636334,0.04733,-4.000000000004e-06,-0.000155,2.299999999999999e-05,0.0,1.0,0.0,21002.58872184029,994.0525242047008
1668395935.9614477,0.047332,2.000000000002e-06,-8.2e-05,7.3e-05,0.0,1.0,0.0,21002.58872184029,994.0945293821444
1668395995.9762251,0.047388,5.6000000000000494e-05,-0.000136,-5.4e-05,1.0,0.0,995.2706743505676,0.0,995.2706743505676
1668396056.0466604,0.047497,0.0001089999999999,0.000123,0.000259,0.0,1.0,0.0,20954.390263607547,995.2706743505676
1668396115.892898,0.047485,-1.1999999999998123e-05,2.5e-05,-9.8e-05,1.0,0.0,995.0192216674044,0.0,995.0192216674044
1668396176.0980654,0.04754,5.499999999999949e-05,2.3e-05,-2.000000000000001e-06,1.0,0.0,995.0192216674044,0.0,995.0192216674044
1668396235.8435938,0.047579,3.900000000000431e-05,0.000198,0.000175,0.0,1.0,0.0,20912.991480850887,995.0192216674044
1668396296.9275415,0.047678,9.899999999999493e-05,0.000271,7.299999999999999e-05,0.0,1.0,0.0,20912.991480850887,997.0896078240086
1668396355.847917,0.047423,-0.0002549999999999,3.5e-05,-0.000236,1.0,0.0,991.7567949963916,0.0,991.7567949963916
1668396416.125892,0.047307,-0.0001159999999999,-9.2e-05,-0.000127,1.0,0.0,991.7567949963916,0.0,991.7567949963916
1668396476.1456144,0.047324,1.6999999999996185e-05,3e-06,9.5e-05,0.0,1.0,0.0,20956.74066005392,991.7567949963916
1668396536.0082617,0.04735,2.6000000000005186e-05,1e-06,-2.0000000000000003e-06,1.0,0.0,992.3016702535532,0.0,992.3016702535532
1668396595.9213426,0.047288,-6.20000000000065e-05,-0.000446,-0.000447,1.0,0.0,992.3016702535532,0.0,992.3016702535532
1668396656.0244665,0.047262,-2.5999999999998247e-05,-0.000215,0.000231,0.0,1.0,0.0,20995.761293503307,992.3016702535532
1668396716.141664,0.04727,8.000000000001062e-06,-0.00027,-5.500000000000001e-05,1.0,0.0,992.4696363439012,0.0,992.4696363439012
1668396775.9329717,0.047262,-8.000000000001062e-06,-0.000278,-7.999999999999978e-06,1.0,0.0,992.4696363439012,0.0,992.4696363439012
1668396836.02603,0.047269,7.000000000000062e-06,-0.00037,-9.2e-05,1.0,0.0,992.4696363439012,0.0,992.4696363439012
1668396895.9524057,0.047269,0.0,-0.000355,1.4999999999999983e-05,0.0,1.0,0.0,20996.20546962917,992.4696363439012
1668396955.9084098,0.047261,-8.000000000001062e-06,-0.000127,0.000228,0.0,1.0,0.0,20996.20546962917,992.3016667001442
1668397016.2331786,0.04728,1.9000000000005124e-05,-9.5e-05,3.199999999999999e-05,0.0,1.0,0.0,20996.20546962917,992.7005946040672
1668397076.249075,0.047236,-4.400000000000237e-05,-8.8e-05,7.000000000000008e-06,0.0,1.0,0.0,20996.20546962917,991.7767615634036
1668397136.2264636,0.047274,3.799999999999637e-05,-8.1e-05,6.999999999999994e-06,0.0,1.0,0.0,20996.20546962917,992.5746173712494
1668397195.8228111,0.047278,4.000000000004e-06,-1e-05,7.1e-05,0.0,1.0,0.0,20996.20546962917,992.658602193128
1668397255.8736591,0.047278,0.0,-1e-05,0.0,0.0,1.0,0.0,20996.20546962917,992.658602193128
1668397316.07243,0.047278,0.0,-1e-05,0.0,0.0,1.0,0.0,20996.20546962917,992.658602193128
1668397376.0174017,0.047278,0.0,-3.7e-05,-2.7e-05,1.0,0.0,992.658602193128,0.0,992.658602193128
1668397435.953823,0.047339,6.099999999999856e-05,7.7e-05,0.000114,0.0,1.0,0.0,20969.15021849063,992.658602193128
1668397495.9426842,0.047512,0.0001729999999999,0.00024,0.000163,0.0,1.0,0.0,20969.15021849063,996.2862651809268
1668397556.042214,0.047444,-6.799999999999862e-05,0.000175,-6.500000000000001e-05,1.0,0.0,994.8603629660696,0.0,994.8603629660696
1668397616.0215628,0.047379,-6.500000000000256e-05,0.00011,-6.5e-05,1.0,0.0,994.8603629660696,0.0,994.8603629660696
1668397676.0715723,0.047373,-5.999999999999062e-06,0.0001,-1e-05,1.0,0.0,994.8603629660696,0.0,994.8603629660696
1668397735.815268,0.04742,4.699999999999843e-05,0.000162,6.2e-05,0.0,1.0,0.0,20979.76303176022,994.8603629660696
1668397796.1293998,0.047322,-9.799999999999393e-05,6.4e-05,-9.8e-05,1.0,0.0,992.8043461889572,0.0,992.8043461889572
1668397856.1880908,0.047324,1.9999999999950613e-06,1e-06,-6.3e-05,1.0,0.0,992.8043461889572,0.0,992.8043461889572
1668397916.1616588,0.047292,-3.199999999999731e-05,1.4e-05,1.3e-05,0.0,1.0,0.0,20993.071686309675,992.8043461889572
1668397975.8734,0.047338,4.599999999999743e-05,4e-05,2.6e-05,0.0,1.0,0.0,20993.071686309675,993.7700274865274
1668398035.9598527,0.047469,0.0001309999999999,7e-05,2.999999999999999e-05,0.0,1.0,0.0,20993.071686309675,996.520119877434
1668398096.0592735,0.047594,0.000125,0.000111,4.100000000000001e-05,0.0,1.0,0.0,20993.071686309675,999.1442538382228
1668398155.978572,0.047576,-1.7999999999997185e-05,0.000131,2.000000000000001e-05,0.0,1.0,0.0,20993.071686309675,998.7663785478692
1668398216.350902,0.047516,-5.999999999999756e-05,0.000153,2.2e-05,0.0,1.0,0.0,20993.071686309675,997.5067942466906
1668398276.0213826,0.047516,0.0,0.000153,0.0,0.0,1.0,0.0,20993.071686309675,997.5067942466906
1668398336.0959277,0.047516,0.0,0.000118,-3.500000000000001e-05,1.0,0.0,997.5067942466906,0.0,997.5067942466906
1668398396.0715246,0.047527,1.0999999999997123e-05,0.000209,9.100000000000002e-05,0.0,1.0,0.0,20988.21289470597,997.5067942466906
1668398455.993817,0.047571,4.400000000000237e-05,0.000302,9.3e-05,0.0,1.0,0.0,20988.21289470597,998.4302756140576
1668398515.9858823,0.047571,0.0,0.000302,0.0,0.0,1.0,0.0,20988.21289470597,998.4302756140576
1668398576.1398094,0.047405,-0.0001659999999999,0.000114,-0.000188,1.0,0.0,994.9462322735365,0.0,994.9462322735365
1668398636.758281,0.047405,0.0,0.000114,0.0,1.0,0.0,994.9462322735365,0.0,994.9462322735365
1668398696.0100422,0.047426,2.1000000000000185e-05,-5e-05,-0.000164,1.0,0.0,994.9462322735365,0.0,994.9462322735365
1668398756.140482,0.047426,0.0,-5e-05,0.0,1.0,0.0,994.9462322735365,0.0,994.9462322735365
1668398815.9278414,0.04746,3.399999999999931e-05,-6.5e-05,-1.4999999999999992e-05,1.0,0.0,994.9462322735365,0.0,994.9462322735365
1668398876.1684792,0.047603,0.0001429999999999,0.000134,0.000199,0.0,1.0,0.0,20900.914485926023,994.9462322735365
1668398936.1398346,0.047731,0.000128,0.000255,0.000121,0.0,1.0,0.0,20900.914485926023,997.621549327735
1668398996.0739713,0.047731,0.0,0.000255,0.0,0.0,1.0,0.0,20900.914485926023,997.621549327735
1668399056.73123,0.047731,0.0,0.000215,-4.000000000000002e-05,1.0,0.0,997.621549327735,0.0,997.621549327735
1668399115.9394903,0.047708,-2.3000000000002185e-05,0.000192,-2.299999999999999e-05,1.0,0.0,997.621549327735,0.0,997.621549327735
1668399176.115065,0.047709,1.000000000001e-06,0.000156,-3.600000000000001e-05,1.0,0.0,997.621549327735,0.0,997.621549327735
1668399236.053856,0.047709,0.0,0.000157,9.999999999999972e-07,0.0,1.0,0.0,20910.552502205766,997.6215493277348
1668399296.174583,0.047864,0.0001549999999999,0.000293,0.000136,0.0,1.0,0.0,20910.552502205766,1000.8626849655768
1668399356.028144,0.047891,2.7000000000006182e-05,0.000486,0.0001929999999999,0.0,1.0,0.0,20910.552502205766,1001.4272698831364
1668399415.92294,0.04789,-1.000000000001e-06,0.000464,-2.2e-05,1.0,0.0,1001.4063593306342,0.0,1001.4063593306342
1668399475.972407,0.047929,3.899999999999737e-05,0.000499,3.499999999999998e-05,0.0,1.0,0.0,20893.53751028885,1001.4063593306342
1668399536.2275157,0.0482,0.000271,0.000469,-2.999999999999997e-05,1.0,0.0,1007.0685079959226,0.0,1007.0685079959226
1668399596.1041956,0.048326,0.000126,0.000595,0.000126,0.0,1.0,0.0,20839.06195414316,1007.0685079959223
1668399656.1699946,0.048612,0.000286,0.000904,0.0003089999999999,0.0,1.0,0.0,20839.06195414316,1013.0284797148072
1668399716.1414373,0.048404,-0.0002079999999999,0.000696,-0.0002079999999999,1.0,0.0,1008.6939548283456,0.0,1008.6939548283456
1668399776.2139037,0.04833,-7.400000000000462e-05,0.000622,-7.399999999999996e-05,1.0,0.0,1008.6939548283456,0.0,1008.6939548283456
1668399836.2717247,0.048424,9.40000000000038e-05,0.000715,9.299999999999998e-05,0.0,1.0,0.0,20830.455039409084,1008.6939548283456
1668399896.1815736,0.048359,-6.500000000000256e-05,0.000468,-0.000247,1.0,0.0,1007.3399752507838,0.0,1007.3399752507838
1668399956.9823456,0.04833,-2.9000000000001247e-05,0.000439,-2.9e-05,1.0,0.0,1007.3399752507838,0.0,1007.3399752507838
1668400016.087134,0.048331,1.000000000001e-06,0.000381,-5.8e-05,1.0,0.0,1007.3399752507838,0.0,1007.3399752507838
1668400076.0790884,0.048514,0.000183,0.00054,0.000159,0.0,1.0,0.0,20763.902693053216,1007.3399752507838
1668400136.069117,0.04839,-0.0001239999999999,4e-06,-0.000536,1.0,0.0,1004.7652513168453,0.0,1004.7652513168453
1668400196.1656392,0.048411,2.1000000000000185e-05,-0.000218,-0.000222,1.0,0.0,1004.7652513168453,0.0,1004.7652513168453
1668400256.0227053,0.048457,4.599999999999743e-05,-0.000149,6.900000000000002e-05,0.0,1.0,0.0,20735.19308493809,1004.7652513168453
1668400316.2236772,0.048299,-0.0001579999999999,-7.9e-05,7e-05,0.0,1.0,0.0,20735.19308493809,1001.489090809425
1668400376.1448646,0.04833,3.099999999999631e-05,-3e-05,4.9e-05,0.0,1.0,0.0,20735.19308493809,1002.131881795058
1668400436.742535,0.048213,-0.0001169999999999,-0.000134,-0.000104,1.0,0.0,999.7058642041202,0.0,999.7058642041202
1668400496.286441,0.048131,-8.199999999999874e-05,-0.000214,-7.999999999999999e-05,1.0,0.0,999.7058642041202,0.0,999.7058642041202
1668400556.087211,0.048231,0.0001,-6.9e-05,0.000145,0.0,1.0,0.0,20727.45462885116,999.7058642041202
1668400616.0965612,0.04824,8.999999999995123e-06,-0.000184,-0.000115,1.0,0.0,999.89241129578,0.0,999.89241129578
1668400676.1862276,0.048357,0.0001169999999999,-0.000107,7.7e-05,0.0,1.0,0.0,20677.304450147447,999.89241129578
1668400736.072322,0.048494,0.000137,9.7e-05,0.000204,0.0,1.0,0.0,20677.304450147447,1002.7252020054505
1668400796.2997117,0.048465,-2.9000000000001247e-05,5.4e-05,-4.3e-05,1.0,0.0,1002.125560176396,0.0,1002.125560176396
1668400856.0754223,0.048515,5.000000000000143e-05,0.000236,0.0001819999999999,0.0,1.0,0.0,20655.994232225003,1002.125560176396
1668400917.4297187,0.048477,-3.800000000000331e-05,0.000198,-3.8e-05,1.0,0.0,1001.3406323955714,0.0,1001.3406323955714
1668400976.1797917,0.048673,0.000196,0.000336,0.000138,0.0,1.0,0.0,20572.815162319384,1001.3406323955714
1668401036.061465,0.048748,7.499999999999868e-05,0.000449,0.000113,0.0,1.0,0.0,20572.815162319384,1002.8835935327452
1668401096.1573262,0.048728,-1.9999999999999185e-05,0.000618,0.0001689999999999,0.0,1.0,0.0,20572.815162319384,1002.472137229499
1668401156.2143962,0.048812,8.400000000000074e-05,0.000587,-3.0999999999999995e-05,1.0,0.0,1004.200253703134,0.0,1004.200253703134
1668401216.1734123,0.048689,-0.0001229999999999,0.000445,-0.0001419999999999,1.0,0.0,1004.200253703134,0.0,1004.200253703134
1668401276.087334,0.048639,-5.000000000000143e-05,0.000338,-0.000107,1.0,0.0,1004.200253703134,0.0,1004.200253703134
1668401336.0525973,0.048644,4.9999999999980616e-06,0.000187,-0.0001509999999999,1.0,0.0,1004.200253703134,0.0,1004.200253703134
1668401397.429289,0.04857,-7.399999999999768e-05,7.6e-05,-0.0001109999999999,1.0,0.0,1004.200253703134,0.0,1004.200253703134
1668401456.1581025,0.048472,-9.800000000000086e-05,7e-06,-6.900000000000001e-05,1.0,0.0,1004.200253703134,0.0,1004.200253703134
1668401516.143491,0.048577,0.000105,0.0001,9.3e-05,0.0,1.0,0.0,20672.33986666805,1004.200253703134
1668401576.1138515,0.048538,-3.900000000000431e-05,-0.000242,-0.000342,1.0,0.0,1003.394032448334,0.0,1003.394032448334
1668401636.8112495,0.048578,4.000000000000531e-05,-0.000109,0.0001329999999999,0.0,1.0,0.0,20655.3178897512,1003.394032448334
1668401696.139276,0.04865,7.199999999999568e-05,-0.000104,5.000000000000013e-06,0.0,1.0,0.0,20655.3178897512,1004.881215336396
1668401756.2329593,0.048467,-0.0001829999999999,-0.000336,-0.000232,1.0,0.0,1001.1012921625716,0.0,1001.1012921625716
1668401816.1832464,0.048467,0.0,-0.000177,0.000159,0.0,1.0,0.0,20655.3178897512,1001.1012921625716
1668401877.4842448,0.048486,1.8999999999998185e-05,-9.2e-05,8.499999999999999e-05,0.0,1.0,0.0,20655.3178897512,1001.4937432024768
1668401936.0975828,0.048294,-0.000192,-0.000284,-0.000192,1.0,0.0,997.5279221676444,0.0,997.5279221676444
1668401996.1561007,0.048455,0.000161,-1.5e-05,0.000269,0.0,1.0,0.0,20586.68707393756,997.5279221676444
1668402056.1294713,0.048452,-2.9999999999960614e-06,-5e-06,1e-05,0.0,1.0,0.0,20586.68707393756,997.4661621064226
1668402116.0214202,0.048414,-3.800000000000331e-05,-0.000163,-0.000158,1.0,0.0,996.683867997613,0.0,996.683867997613
1668402176.0090485,0.048411,-2.9999999999960614e-06,-0.000127,3.600000000000001e-05,0.0,1.0,0.0,20587.962818318418,996.683867997613
1668402236.2177994,0.048326,-8.500000000000174e-05,-0.000274,-0.000147,1.0,0.0,994.933891158056,0.0,994.933891158056
1668402296.3326695,0.048268,-5.8000000000002494e-05,-0.000303,-2.9e-05,1.0,0.0,994.933891158056,0.0,994.933891158056
1668402356.8763368,0.048268,0.0,-0.000303,0.0,1.0,0.0,994.933891158056,0.0,994.933891158056
1668402416.329158,0.048268,0.0,-0.000303,0.0,1.0,0.0,994.933891158056,0.0,994.933891158056
1668402476.26676,0.048379,0.0001109999999999,-8.8e-05,0.000215,0.0,1.0,0.0,20565.40836226577,994.933891158056
1668402536.424474,0.048343,-3.600000000000131e-05,-5.8e-05,3e-05,0.0,1.0,0.0,20565.40836226577,994.1935364570144
1668402596.1651623,0.048305,-3.799999999999637e-05,-9.5e-05,-3.7000000000000005e-05,1.0,0.0,993.412050939248,0.0,993.412050939248
1668402656.0907826,0.048345,3.999999999999837e-05,-0.0001,-5e-06,1.0,0.0,993.412050939248,0.0,993.412050939248
1668402716.334335,0.048352,7.000000000000062e-06,-9.3e-05,7.000000000000008e-06,0.0,1.0,0.0,20545.41799593084,993.412050939248
1668402776.2058218,0.048351,-1.000000000001e-06,-5.6e-05,3.7e-05,0.0,1.0,0.0,20545.41799593084,993.391505521252
1668402836.8667758,0.048349,-1.9999999999950613e-06,-5.8e-05,-2.000000000000001e-06,1.0,0.0,993.35041468526,0.0,993.35041468526
1668402896.289447,0.0483,-4.900000000000043e-05,-0.000107,-4.9e-05,1.0,0.0,993.35041468526,0.0,993.35041468526
1668402956.380686,0.0483,0.0,-0.000107,0.0,1.0,0.0,993.35041468526,0.0,993.35041468526
1668403016.1480618,0.048301,9.999999999940612e-07,-0.000112,-5e-06,1.0,0.0,993.35041468526,0.0,993.35041468526
1668403076.1662772,0.048396,9.50000000000048e-05,8.2e-05,0.000194,0.0,1.0,0.0,20525.46521789528,993.35041468526
1668403136.098163,0.048302,-9.40000000000038e-05,7.2e-05,-1e-05,1.0,0.0,991.4210209547776,0.0,991.4210209547776
1668403196.145531,0.04826,-4.200000000000037e-05,-8e-06,-8e-05,1.0,0.0,991.4210209547776,0.0,991.4210209547776
1668403256.2455292,0.048268,8.000000000001062e-06,-0.000122,-0.0001139999999999,1.0,0.0,991.4210209547776,0.0,991.4210209547776
1668403317.3350835,0.04817,-9.800000000000086e-05,-0.000173,-5.1000000000000006e-05,1.0,0.0,991.4210209547776,0.0,991.4210209547776
1668403376.1540687,0.048298,0.000128,-2e-05,0.000153,0.0,1.0,0.0,20527.165119772613,991.4210209547776
1668403436.4749854,0.048281,-1.7000000000003124e-05,-7.1e-05,-5.1000000000000006e-05,1.0,0.0,991.0720591477416,0.0,991.0720591477416
1668403496.1860974,0.048349,6.800000000000556e-05,-1e-05,6.1000000000000005e-05,0.0,1.0,0.0,20498.29487988876,991.0720591477416
1668403556.4657784,0.048339,-1.0000000000003062e-05,3.9e-05,4.9e-05,0.0,1.0,0.0,20498.29487988876,990.8670761989428
1668403616.2083952,0.048321,-1.7999999999997185e-05,2.1e-05,-1.8e-05,1.0,0.0,990.4981068911048,0.0,990.4981068911048
1668403676.263523,0.048447,0.0001259999999999,0.000145,0.000124,0.0,1.0,0.0,20444.983319733004,990.4981068911048
1668403736.1675491,0.04847,2.3000000000002185e-05,0.000156,1.0999999999999996e-05,0.0,1.0,0.0,20444.983319733004,990.9683415074588
1668403796.559691,0.048544,7.399999999999768e-05,0.000276,0.0001199999999999,0.0,1.0,0.0,20444.983319733004,992.4812702731188
1668403856.3233984,0.0486,5.6000000000000494e-05,0.00041,0.000134,0.0,1.0,0.0,20444.983319733004,993.626189339024
1668403916.2505395,0.048536,-6.399999999999462e-05,0.000316,-9.4e-05,1.0,0.0,992.3177104065612,0.0,992.3177104065612
1668403976.1968937,0.048509,-2.7000000000006182e-05,0.00021,-0.0001059999999999,1.0,0.0,992.3177104065612,0.0,992.3177104065612
1668404036.489076,0.048612,0.000103,0.000364,0.000154,0.0,1.0,0.0,20413.0196331474,992.3177104065612
1668404096.6028275,0.048599,-1.2999999999999123e-05,0.000249,-0.000115,1.0,0.0,992.0523411513306,0.0,992.0523411513306
1668404156.151142,0.048726,0.0001269999999999,0.000405,0.000156,0.0,1.0,0.0,20359.81490685324,992.0523411513306
1668404216.4030576,0.048586,-0.00014,0.000179,-0.000226,1.0,0.0,989.2019670643712,0.0,989.2019670643712
1668404276.2100737,0.048645,5.900000000000349e-05,0.000225,4.600000000000001e-05,0.0,1.0,0.0,20335.1211237408,989.2019670643712
1668404336.1823056,0.048541,-0.0001039999999999,0.000115,-0.0001099999999999,1.0,0.0,987.087114467502,0.0,987.087114467502
1668404396.1945033,0.048628,8.69999999999968e-05,8.9e-05,-2.600000000000001e-05,1.0,0.0,987.087114467502,0.0,987.087114467502
1668404456.5180702,0.048733,0.000105,8.4e-05,-5e-06,1.0,0.0,987.087114467502,0.0,987.087114467502
1668404516.4858952,0.048789,5.6000000000000494e-05,0.000284,0.0002,0.0,1.0,0.0,20231.75540526557,987.087114467502
1668404576.5127878,0.048835,4.600000000000437e-05,0.000294,9.999999999999972e-06,0.0,1.0,0.0,20231.75540526557,988.017775216144
1668404636.3339,0.048948,0.0001129999999999,0.000344,5.000000000000002e-05,0.0,1.0,0.0,20231.75540526557,990.303963576939
1668404696.232957,0.049004,5.6000000000000494e-05,0.000361,1.699999999999998e-05,0.0,1.0,0.0,20231.75540526557,991.436941879634
1668404756.3398197,0.04894,-6.400000000000156e-05,0.000108,-0.0002529999999999,1.0,0.0,990.1421095336968,0.0,990.1421095336968
1668404816.3611956,0.049123,0.000183,0.000478,0.00037,0.0,1.0,0.0,20156.38518685131,990.1421095336968
1668404876.515815,0.049013,-0.0001099999999999,0.000413,-6.500000000000001e-05,1.0,0.0,987.9249071631432,0.0,987.9249071631432
1668404936.3304155,0.048842,-0.0001709999999999,0.000301,-0.000112,1.0,0.0,987.9249071631432,0.0,987.9249071631432
1668404996.2142425,0.048991,0.0001489999999999,0.000413,0.000112,0.0,1.0,0.0,20165.436654959954,987.9249071631432
1668405056.1679664,0.04893,-6.099999999999856e-05,0.0002,-0.000213,1.0,0.0,986.6948155271906,0.0,986.6948155271906
1668405117.1027584,0.048888,-4.200000000000037e-05,2e-05,-0.00018,1.0,0.0,986.6948155271906,0.0,986.6948155271906
1668405176.4181926,0.048832,-5.6000000000000494e-05,-0.000102,-0.000122,1.0,0.0,986.6948155271906,0.0,986.6948155271906
1668405236.7202454,0.04888,4.799999999999943e-05,-0.00012,-1.8000000000000004e-05,1.0,0.0,986.6948155271906,0.0,986.6948155271906
1668405296.55963,0.048812,-6.799999999999862e-05,-0.000204,-8.4e-05,1.0,0.0,986.6948155271906,0.0,986.6948155271906
1668405356.3874006,0.04888,6.799999999999862e-05,-7.2e-05,0.000132,0.0,1.0,0.0,20186.064147446617,986.6948155271908
1668405416.3602808,0.048936,5.6000000000000494e-05,-0.000211,-0.000139,1.0,0.0,987.8252351194476,0.0,987.8252351194476
1668405476.3782115,0.048957,2.1000000000000185e-05,-5.6e-05,0.000155,0.0,1.0,0.0,20177.40537858626,987.8252351194476
1668405536.21701,0.048845,-0.000112,-7.5e-05,-1.9e-05,1.0,0.0,985.565365717046,0.0,985.565365717046
1668405596.843779,0.048855,1.0000000000003062e-05,-0.000136,-6.1000000000000005e-05,1.0,0.0,985.565365717046,0.0,985.565365717046
1668405656.3014114,0.048994,0.000139,7.4e-05,0.00021,0.0,1.0,0.0,20116.04208101086,985.565365717046
1668405716.458068,0.048785,-0.000209,-4.6e-05,-0.0001199999999999,1.0,0.0,981.3611129221148,0.0,981.3611129221148
1668405776.3798392,0.048722,-6.300000000000056e-05,-0.000178,-0.0001319999999999,1.0,0.0,981.3611129221148,0.0,981.3611129221148
1668405836.51501,0.048735,1.2999999999999123e-05,-0.000154,2.3999999999999987e-05,0.0,1.0,0.0,20136.68026925444,981.3611129221148
1668405896.40844,0.048641,-9.40000000000038e-05,-0.000199,-4.500000000000001e-05,1.0,0.0,979.468264976805,0.0,979.468264976805
1668405956.461142,0.048653,1.2000000000005062e-05,-0.000273,-7.400000000000001e-05,1.0,0.0,979.468264976805,0.0,979.468264976805
1668406016.350233,0.048729,7.599999999999968e-05,-0.000211,6.200000000000002e-05,0.0,1.0,0.0,20100.31531483932,979.4682649768048
1668406076.4003117,0.048735,5.999999999999062e-06,-0.00027,-5.9e-05,1.0,0.0,979.588866868694,0.0,979.588866868694
1668406136.513753,0.048714,-2.1000000000000185e-05,-0.000211,5.9e-05,0.0,1.0,0.0,20108.98031097208,979.588866868694
1668406196.3186388,0.04863,-8.400000000000074e-05,-0.000273,-6.200000000000002e-05,1.0,0.0,977.8997125225724,0.0,977.8997125225724
1668406256.243797,0.048613,-1.6999999999996185e-05,-0.000323,-4.999999999999997e-05,1.0,0.0,977.8997125225724,0.0,977.8997125225724
1668406316.3447497,0.048698,8.49999999999948e-05,-0.000103,0.0002199999999999,0.0,1.0,0.0,20080.9009101518,977.8997125225724
1668406376.5711396,0.048754,5.6000000000000494e-05,1.7e-05,0.0001199999999999,0.0,1.0,0.0,20080.9009101518,979.0242429735408
1668406436.6185312,0.04884,8.600000000000274e-05,0.00012,0.000103,0.0,1.0,0.0,20080.9009101518,980.751200451814
1668406496.6177046,0.048858,1.7999999999997185e-05,0.000217,9.7e-05,0.0,1.0,0.0,20080.9009101518,981.1126566681966
1668406556.5490627,0.048807,-5.099999999999549e-05,6e-05,-0.000157,1.0,0.0,980.0885307217789,0.0,980.0885307217789
1668406617.45079,0.048823,1.5999999999995185e-05,0.000176,0.000116,0.0,1.0,0.0,20074.32010982076,980.0885307217789
1668406677.5452156,0.048612,-0.0002109999999999,-0.000155,-0.000331,1.0,0.0,975.8528491786068,0.0,975.8528491786068
1668406737.432367,0.048522,-8.99999999999998e-05,-0.000192,-3.7000000000000005e-05,1.0,0.0,975.8528491786068,0.0,975.8528491786068
1668406798.3123758,0.04849,-3.200000000000425e-05,-0.00014,5.200000000000002e-05,0.0,1.0,0.0,20124.826751466426,975.8528491786068
1668406858.3017223,0.048598,0.000108,-1.5e-05,0.0001249999999999,0.0,1.0,0.0,20124.826751466426,978.0263304677654
1668406918.35475,0.04856,-3.800000000000331e-05,-0.000181,-0.000166,1.0,0.0,977.2615870512096,0.0,977.2615870512096
1668406979.0594363,0.048558,-2.000000000002e-06,-0.000244,-6.299999999999999e-05,1.0,0.0,977.2615870512096,0.0,977.2615870512096
1668407039.8086066,0.048667,0.000109,-0.000229,1.4999999999999983e-05,0.0,1.0,0.0,20080.58000392894,977.2615870512096
1668407099.0381331,0.04855,-0.0001169999999999,-0.000307,-7.799999999999997e-05,1.0,0.0,974.91215919075,0.0,974.91215919075
1668407159.992056,0.048489,-6.100000000000549e-05,-0.000318,-1.0999999999999996e-05,1.0,0.0,974.91215919075,0.0,974.91215919075
1668407219.8280327,0.048545,5.6000000000000494e-05,-0.000222,9.599999999999998e-05,0.0,1.0,0.0,20082.64824782676,974.91215919075
1668407279.9227033,0.048521,-2.3999999999996247e-05,-7e-06,0.000215,0.0,1.0,0.0,20082.64824782676,974.4301756328024
1668407340.723752,0.048516,-5.000000000005e-06,1.7e-05,2.4e-05,0.0,1.0,0.0,20082.64824782676,974.329762391563
1668407400.6513643,0.048451,-6.499999999999562e-05,-0.000152,-0.000169,1.0,0.0,973.0243902554544,0.0,973.0243902554544
1668407461.0788596,0.048453,2.000000000002e-06,-0.000167,-1.4999999999999983e-05,1.0,0.0,973.0243902554544,0.0,973.0243902554544
1668407521.385399,0.048389,-6.400000000000156e-05,-0.000171,-4.000000000000016e-06,1.0,0.0,973.0243902554544,0.0,973.0243902554544
1668407581.941908,0.048489,9.999999999999593e-05,-3.6e-05,0.000135,0.0,1.0,0.0,20066.90981986542,973.0243902554544
1668407641.415393,0.048489,0.0,-3.6e-05,0.0,0.0,1.0,0.0,20066.90981986542,973.0243902554544
1668407702.505396,0.048409,-7.999999999999674e-05,-0.000184,-0.000148,1.0,0.0,971.4190374698652,0.0,971.4190374698652
1668407762.579816,0.048405,-4.000000000004e-06,-0.000145,3.9e-05,0.0,1.0,0.0,20068.568070857666,971.4190374698652
1668407822.436467,0.048396,-8.999999999995123e-06,-0.000121,2.4e-05,0.0,1.0,0.0,20068.568070857666,971.2384203572276
1668407883.30082,0.048351,-4.500000000000337e-05,-0.000194,-7.3e-05,1.0,0.0,970.335334794039,0.0,970.335334794039
1668407943.2967548,0.04825,-0.0001009999999999,-0.000247,-5.299999999999999e-05,1.0,0.0,970.335334794039,0.0,970.335334794039
1668408003.33052,0.048226,-2.4000000000003185e-05,-0.000295,-4.800000000000003e-05,1.0,0.0,970.335334794039,0.0,970.335334794039
1668408064.242247,0.0482,-2.5999999999998247e-05,-0.000251,4.400000000000004e-05,0.0,1.0,0.0,20131.438481204128,970.335334794039
1668408124.8559716,0.047839,-0.000361,-0.000576,-0.000325,1.0,0.0,963.0678855023244,0.0,963.0678855023244
1668408184.1795776,0.046861,-0.0009779999999999,-0.001534,-0.000958,1.0,0.0,963.0678855023244,0.0,963.0678855023244
1668408245.6397882,0.046461,-0.0003999999999999,-0.002028,-0.0004939999999999,1.0,0.0,963.0678855023244,0.0,963.0678855023244
1668408305.4660406,0.04595,-0.000511,-0.002446,-0.0004179999999999,1.0,0.0,963.0678855023244,0.0,963.0678855023244
1668408365.491923,0.046063,0.000113,-0.002342,0.0001039999999999,0.0,1.0,0.0,20907.624025841225,963.0678855023244
1668408426.4658988,0.046538,0.000475,-0.001858,0.0004839999999999,0.0,1.0,0.0,20907.624025841225,972.999006914599
1668408486.424878,0.046616,7.799999999999474e-05,-0.001736,0.000122,0.0,1.0,0.0,20907.624025841225,974.6298015886146
1668408546.326427,0.04664,2.4000000000003185e-05,-0.00161,0.0001259999999999,0.0,1.0,0.0,20907.624025841225,975.1315845652348
1668408608.9353416,0.046416,-0.000224,-0.001821,-0.0002109999999999,1.0,0.0,970.4482767834464,0.0,970.4482767834464
1668408667.2551892,0.046169,-0.0002469999999999,-0.001898,-7.700000000000003e-05,1.0,0.0,970.4482767834464,0.0,970.4482767834464
1668408727.1689763,0.04601,-0.0001589999999999,-0.001049,0.0008489999999999,0.0,1.0,0.0,21092.11642650394,970.4482767834464
1668408787.947195,0.0455,-0.00051,-0.001111,-6.199999999999999e-05,1.0,0.0,959.6912974059292,0.0,959.6912974059292
1668408848.2261972,0.04558,8.000000000000368e-05,6.5e-05,0.001176,0.0,1.0,0.0,21055.09647665487,959.691297405929
1668408907.8810475,0.045728,0.0001479999999999,-0.000592,-0.0006569999999999,1.0,0.0,962.807451684474,0.0,962.807451684474
1668408969.056404,0.045859,0.0001309999999999,-0.000534,5.8e-05,0.0,1.0,0.0,20994.95086426817,962.807451684474
1668409028.85418,0.04564,-0.0002189999999999,-0.001057,-0.000523,1.0,0.0,958.2095574451992,0.0,958.2095574451992
1668409089.3348787,0.045526,-0.000114,-0.001013,4.399999999999999e-05,0.0,1.0,0.0,21047.52355676315,958.2095574451992
1668409149.671976,0.045222,-0.0003039999999999,-0.001362,-0.0003489999999999,1.0,0.0,951.8111102839432,0.0,951.8111102839432
1668409209.624198,0.044607,-0.0006149999999999,-0.001557,-0.000195,1.0,0.0,951.8111102839432,0.0,951.8111102839432
1668409269.5523298,0.045102,0.000495,-0.001136,0.0004209999999999,0.0,1.0,0.0,21103.52335337553,951.8111102839432
1668409330.3781507,0.045365,0.0002629999999999,-0.000388,0.000748,0.0,1.0,0.0,21103.52335337553,957.361336925881
1668409390.5791252,0.045285,-8.000000000000368e-05,-0.00028,0.000108,0.0,1.0,0.0,21103.52335337553,955.6730550576108
1668409450.4345694,0.045451,0.0001659999999999,-0.000163,0.0001169999999999,0.0,1.0,0.0,21103.52335337553,959.1762399342712
1668409511.4393675,0.045412,-3.899999999999737e-05,-0.000447,-0.000284,1.0,0.0,958.3532025234896,0.0,958.3532025234896
1668409571.3125772,0.045588,0.0001759999999999,7.5e-05,0.000522,0.0,1.0,0.0,21022.04971754606,958.3532025234896
1668409632.019553,0.045625,3.700000000000231e-05,0.00013,5.5e-05,0.0,1.0,0.0,21022.04971754606,959.131018363039
1668409692.1441922,0.045641,1.6000000000002124e-05,0.000687,0.000557,0.0,1.0,0.0,21022.04971754606,959.4673711585197
1668409752.2016797,0.04567,2.9000000000001247e-05,0.000789,0.0001019999999999,0.0,1.0,0.0,21022.04971754606,960.0770106003284
1668409812.240094,0.04567,0.0,0.000789,0.0,0.0,1.0,0.0,21022.04971754606,960.0770106003284
1668409873.0197048,0.04561,-6.0000000000004494e-05,0.000233,-0.000556,1.0,0.0,958.8156876172756,0.0,958.8156876172756
1668409932.9793637,0.045904,0.000294,0.00071,0.000477,0.0,1.0,0.0,20887.410413412243,958.8156876172756
1668409992.914477,0.045772,-0.000132,0.000578,-0.000132,1.0,0.0,956.0585494427052,0.0,956.0585494427052
1668410054.180297,0.045662,-0.0001099999999999,0.000371,-0.0002069999999999,1.0,0.0,956.0585494427052,0.0,956.0585494427052
1668410114.2958546,0.045731,6.899999999999962e-05,0.00044,6.9e-05,0.0,1.0,0.0,20906.136962732176,956.0585494427052
1668410174.8435962,0.04583,9.900000000000186e-05,0.000235,-0.000205,1.0,0.0,958.1282570020156,0.0,958.1282570020156
1668410235.0477057,0.04608,0.00025,0.000416,0.0001809999999999,0.0,1.0,0.0,20792.71391063402,958.1282570020156
1668410295.029324,0.046039,-4.100000000000631e-05,0.00042,4.000000000000043e-06,0.0,1.0,0.0,20792.71391063402,957.2757557316796
1668410355.0777693,0.046153,0.000114,0.000447,2.700000000000001e-05,0.0,1.0,0.0,20792.71391063402,959.6461251174918
1668410415.8093617,0.046215,6.199999999999956e-05,0.000632,0.0001849999999999,0.0,1.0,0.0,20792.71391063402,960.9352733799512
1668410475.9031155,0.046064,-0.0001509999999999,0.000141,-0.0004909999999999,1.0,0.0,957.7955735794454,0.0,957.7955735794454
1668410535.858657,0.04594,-0.0001239999999999,0.000206,6.499999999999998e-05,0.0,1.0,0.0,20848.83703916947,957.7955735794454
1668410596.6442306,0.04596,1.9999999999999185e-05,0.000226,2e-05,0.0,1.0,0.0,20848.83703916947,958.2125503202288
1668410656.6527529,0.04574,-0.0002199999999999,9e-06,-0.000217,1.0,0.0,953.6258061716115,0.0,953.6258061716115
1668410716.5340235,0.045485,-0.000255,-0.000406,-0.000415,1.0,0.0,953.6258061716115,0.0,953.6258061716115
1668410777.6751246,0.045365,-0.0001199999999999,-0.000676,-0.0002699999999999,1.0,0.0,953.6258061716115,0.0,953.6258061716115
1668410837.561485,0.04485,-0.000515,-0.001218,-0.000542,1.0,0.0,953.6258061716115,0.0,953.6258061716115
1668410897.884411,0.04478,-7.000000000000062e-05,-0.001385,-0.000167,1.0,0.0,953.6258061716115,0.0,953.6258061716115
1668410958.4119687,0.044643,-0.0001369999999999,-0.001573,-0.000188,1.0,0.0,953.6258061716115,0.0,953.6258061716115
1668411018.5575418,0.044154,-0.000489,-0.001882,-0.000309,1.0,0.0,953.6258061716115,0.0,953.6258061716115
1668411078.4135149,0.044131,-2.3000000000002185e-05,-0.001715,0.000167,0.0,1.0,0.0,21608.97795589521,953.6258061716115
1668411139.0280883,0.044225,9.40000000000038e-05,-0.001742,-2.700000000000012e-05,1.0,0.0,955.6570500994656,0.0,955.6570500994656
1668411199.3551452,0.044369,0.0001439999999999,-0.001393,0.000349,0.0,1.0,0.0,21538.84581801405,955.6570500994656
1668411258.947287,0.044319,-5.000000000000143e-05,-0.001258,0.0001349999999999,0.0,1.0,0.0,21538.84581801405,954.5801078085648
1668411320.0388856,0.044432,0.000113,-0.000958,0.0003,0.0,1.0,0.0,21538.84581801405,957.0139973860004
1668411380.0019815,0.044038,-0.0003939999999999,-0.000813,0.0001449999999999,0.0,1.0,0.0,21538.84581801405,948.5276921337028
1668411440.007113,0.044042,3.9999999999970615e-06,-0.000676,0.000137,0.0,1.0,0.0,21538.84581801405,948.6138475169748
1668411500.9568346,0.044065,2.3000000000002185e-05,-0.000585,9.099999999999994e-05,0.0,1.0,0.0,21538.84581801405,949.1092409707892
1668411560.8604245,0.044445,0.0003799999999999,0.000294,0.000879,0.0,1.0,0.0,21538.84581801405,957.2940023816344
1668411620.8920293,0.044373,-7.199999999999568e-05,0.000182,-0.0001119999999999,1.0,0.0,955.7432054827376,0.0,955.7432054827376
1668411681.8749857,0.044351,-2.2000000000001185e-05,7.8e-05,-0.000104,1.0,0.0,955.7432054827376,0.0,955.7432054827376
1668411741.726405,0.044403,5.199999999999649e-05,9e-06,-6.9e-05,1.0,0.0,955.7432054827376,0.0,955.7432054827376
1668411801.5619926,0.044133,-0.0002699999999999,-0.000168,-0.000177,1.0,0.0,955.7432054827376,0.0,955.7432054827376
1668411862.98224,0.044079,-5.3999999999998494e-05,-0.000335,-0.000167,1.0,0.0,955.7432054827376,0.0,955.7432054827376
1668411923.0913763,0.043909,-0.00017,-0.00015,0.000185,0.0,1.0,0.0,21766.45347156022,955.7432054827376
1668411982.8516216,0.043857,-5.199999999999649e-05,-0.000185,-3.500000000000001e-05,1.0,0.0,954.6113499022166,0.0,954.6113499022166
1668412043.8601596,0.044054,0.000197,-6.6e-05,0.0001189999999999,0.0,1.0,0.0,21669.118579520964,954.6113499022166
1668412103.992371,0.044258,0.0002039999999999,-0.00012,-5.4e-05,1.0,0.0,959.0318500924388,0.0,959.0318500924388
1668412164.4412613,0.044133,-0.000125,-0.000262,-0.000142,1.0,0.0,959.0318500924388,0.0,959.0318500924388
1668412225.1356905,0.04413,-2.9999999999960614e-06,-0.000188,7.400000000000004e-05,0.0,1.0,0.0,21731.970317073166,959.0318500924388
1668412284.8897889,0.044,-0.00013,-0.00043,-0.000242,1.0,0.0,956.2066939512192,0.0,956.2066939512192
1668412344.9705484,0.043825,-0.0001749999999999,-0.000384,4.599999999999998e-05,0.0,1.0,0.0,21818.74943414077,956.2066939512192
1668412405.7651188,0.044068,0.000243,1.5e-05,0.000399,0.0,1.0,0.0,21818.74943414077,961.5086500637154
1668412465.7891226,0.044203,0.0001349999999999,0.000307,0.000292,0.0,1.0,0.0,21818.74943414077,964.4541812373244
1668412525.7695055,0.044131,-7.200000000000262e-05,0.000291,-1.5999999999999955e-05,1.0,0.0,962.8832312780662,0.0,962.8832312780662
1668412586.830891,0.04415,1.9000000000005124e-05,0.000167,-0.000124,1.0,0.0,962.8832312780662,0.0,962.8832312780662
1668412647.2852232,0.044139,-1.1000000000004062e-05,-0.000101,-0.000268,1.0,0.0,962.8832312780662,0.0,962.8832312780662
1668412707.3497324,0.044092,-4.699999999999843e-05,-0.000148,-4.699999999999999e-05,1.0,0.0,962.8832312780662,0.0,962.8832312780662
1668412767.6086504,0.044075,-1.6999999999996185e-05,-5.5e-05,9.299999999999998e-05,0.0,1.0,0.0,21846.47149808432,962.8832312780662
1668412827.5965612,0.043951,-0.000124,-4.9e-05,6.000000000000004e-06,0.0,1.0,0.0,21846.47149808432,960.1742688123036
1668412887.71782,0.0438,-0.0001509999999999,-6.8e-05,-1.9e-05,1.0,0.0,956.8754516160932,0.0,956.8754516160932
1668412948.332664,0.043706,-9.399999999999686e-05,-0.000362,-0.000294,1.0,0.0,956.8754516160932,0.0,956.8754516160932
1668413008.3358526,0.043728,2.2000000000001185e-05,-0.000422,-6e-05,1.0,0.0,956.8754516160932,0.0,956.8754516160932
1668413068.330531,0.043653,-7.500000000000562e-05,-0.000448,-2.599999999999998e-05,1.0,0.0,956.8754516160932,0.0,956.8754516160932
1668413129.308813,0.043542,-0.0001109999999999,-0.000582,-0.000134,1.0,0.0,956.8754516160932,0.0,956.8754516160932
1668413189.314744,0.043688,0.000146,-0.000416,0.000166,0.0,1.0,0.0,21902.47783409845,956.8754516160932
1668413250.099857,0.043761,7.300000000000362e-05,-0.000375,4.0999999999999967e-05,0.0,1.0,0.0,21902.47783409845,958.4743324979822
1668413309.9930356,0.044027,0.0002659999999999,-7.2e-05,0.000303,0.0,1.0,0.0,21902.47783409845,964.3003916018524
1668413370.0646834,0.043997,-2.9999999999995308e-05,-0.000102,-3e-05,1.0,0.0,963.6433172668296,0.0,963.6433172668296
1668413430.0707717,0.04403,3.299999999999831e-05,0.00023,0.000332,0.0,1.0,0.0,21886.06216822234,963.6433172668296
1668413490.8181062,0.043938,-9.20000000000018e-05,0.000177,-5.3000000000000014e-05,1.0,0.0,961.6297995473532,0.0,961.6297995473532
1668413550.7778504,0.0438,-0.0001379999999999,6e-06,-0.0001709999999999,1.0,0.0,961.6297995473532,0.0,961.6297995473532
1668413610.7321937,0.043527,-0.0002729999999999,-0.000187,-0.000193,1.0,0.0,961.6297995473532,0.0,961.6297995473532
1668413672.0883474,0.043839,0.0003119999999999,0.000297,0.000484,0.0,1.0,0.0,21935.48665679767,961.6297995473532
1668413732.6743572,0.04374,-9.900000000000186e-05,0.000122,-0.000175,1.0,0.0,959.4581863683302,0.0,959.4581863683302
1668413792.131975,0.043639,-0.000101,-0.000199,-0.000321,1.0,0.0,959.4581863683302,0.0,959.4581863683302
1668413912.7657082,0.043851,0.000212,-8.2e-05,0.000117,0.0,1.0,0.0,21879.961377581585,959.45818636833
1668413972.687387,0.04388,2.9000000000001247e-05,-5.3e-05,2.9e-05,0.0,1.0,0.0,21879.961377581585,960.09270524828
1668414033.5536752,0.044032,0.0001519999999999,9.4e-05,0.000147,0.0,1.0,0.0,21879.961377581585,963.4184593776724
1668414093.6141756,0.043889,-0.000143,7.9e-05,-1.5e-05,1.0,0.0,960.2896249006782,0.0,960.2896249006782
1668414153.601853,0.04396,7.100000000000162e-05,0.000352,0.000273,0.0,1.0,0.0,21844.62295042489,960.2896249006782
1668414215.1636422,0.04399,3.0000000000002247e-05,0.000151,-0.0002009999999999,1.0,0.0,960.944963589191,0.0,960.944963589191
1668414274.3460195,0.043915,-7.499999999999868e-05,0.000204,5.299999999999999e-05,0.0,1.0,0.0,21881.930173954024,960.944963589191
1668414334.3703215,0.04409,0.0001749999999999,0.000509,0.000305,0.0,1.0,0.0,21881.930173954024,964.7743013696328
1668414395.3754292,0.044123,3.300000000000525e-05,0.000542,3.2999999999999935e-05,0.0,1.0,0.0,21881.930173954024,965.4964050653734
1668414455.4786663,0.04425,0.0001269999999999,0.0004,-0.0001419999999999,1.0,0.0,968.2754101974656,0.0,968.2754101974656
1668414515.3544626,0.04429,4.000000000000531e-05,0.000411,1.0999999999999996e-05,0.0,1.0,0.0,21862.16776241737,968.2754101974656
1668414576.0704942,0.04425,-4.000000000000531e-05,0.00013,-0.000281,1.0,0.0,967.4009234869686,0.0,967.4009234869686
1668414636.2533233,0.04425,0.0,0.000361,0.000231,0.0,1.0,0.0,21862.16776241737,967.4009234869686
1668414696.8880746,0.04417,-7.999999999999674e-05,0.000204,-0.000157,1.0,0.0,965.6519500659754,0.0,965.6519500659754
1668414756.8606334,0.044161,-9.000000000002062e-06,5.3e-05,-0.0001509999999999,1.0,0.0,965.6519500659754,0.0,965.6519500659754
1668414816.905717,0.044168,7.000000000000062e-06,0.00032,0.000267,0.0,1.0,0.0,21863.15771748721,965.6519500659756
1668414876.921897,0.044177,9.000000000002062e-06,0.000203,-0.000117,1.0,0.0,965.8487184854328,0.0,965.8487184854328
1668414937.8906083,0.04417,-7.000000000000062e-06,9.9e-05,-0.000104,1.0,0.0,965.8487184854328,0.0,965.8487184854328
1668414997.914076,0.044296,0.000126,3.9e-05,-6e-05,1.0,0.0,965.8487184854328,0.0,965.8487184854328
1668415057.97851,0.04448,0.0001839999999999,0.000222,0.000183,0.0,1.0,0.0,21714.224786093364,965.8487184854328
1668415118.767675,0.044374,-0.000106,0.000198,-2.400000000000001e-05,1.0,0.0,963.5470106581068,0.0,963.5470106581068
1668415179.6636477,0.04454,0.000166,0.000286,8.800000000000002e-05,0.0,1.0,0.0,21633.296153078285,963.5470106581068
1668415238.7572453,0.04452,-2.0000000000006124e-05,0.000374,8.799999999999997e-05,0.0,1.0,0.0,21633.296153078285,963.1143447350452
1668415299.5126257,0.044365,-0.0001549999999999,0.000187,-0.000187,1.0,0.0,959.761183831318,0.0,959.761183831318
1668415359.5631824,0.044381,1.5999999999995185e-05,0.000175,-1.1999999999999994e-05,1.0,0.0,959.761183831318,0.0,959.761183831318
1668415419.5041814,0.044315,-6.599999999999662e-05,0.000165,-1e-05,1.0,0.0,959.761183831318,0.0,959.761183831318
1668415480.5209696,0.044291,-2.4000000000003185e-05,0.000121,-4.4e-05,1.0,0.0,959.761183831318,0.0,959.761183831318
1668415540.3777168,0.044192,-9.899999999999493e-05,-0.000104,-0.000225,1.0,0.0,959.761183831318,0.0,959.761183831318
1668415600.5112758,0.044222,2.9999999999995308e-05,-0.000182,-7.800000000000001e-05,1.0,0.0,959.761183831318,0.0,959.761183831318
1668415662.0962026,0.04423,8.000000000001062e-06,-0.000174,8.000000000000005e-06,0.0,1.0,0.0,21699.325883592992,959.761183831318
1668415721.2240913,0.044339,0.000109,-0.00018,-6.00000000000001e-06,1.0,0.0,962.1264103526296,0.0,962.1264103526296
1668415781.25503,0.044236,-0.000103,-0.000284,-0.000104,1.0,0.0,962.1264103526296,0.0,962.1264103526296
1668415842.243002,0.04429,5.400000000000543e-05,-0.0001,0.000184,0.0,1.0,0.0,21723.33281446443,962.1264103526296
1668415902.0645611,0.044145,-0.000145,-0.000217,-0.0001169999999999,1.0,0.0,958.976527094532,0.0,958.976527094532
1668415962.1438267,0.04418,3.500000000000031e-05,-6.9e-05,0.000148,0.0,1.0,0.0,21706.12329322164,958.976527094532
1668416022.8485682,0.04421,3.0000000000002247e-05,-8e-05,-1.100000000000001e-05,1.0,0.0,959.6277107933288,0.0,959.6277107933288
1668416082.799534,0.04423,1.9999999999999185e-05,8.5e-05,0.000165,0.0,1.0,0.0,21696.30817981752,959.6277107933288
1668416143.006472,0.044211,-1.8999999999998185e-05,6.2e-05,-2.3000000000000003e-05,1.0,0.0,959.2154809379124,0.0,959.2154809379124
1668416204.299277,0.044225,1.4000000000000123e-05,-5e-06,-6.7e-05,1.0,0.0,959.2154809379124,0.0,959.2154809379124
1668416263.8323643,0.044244,1.8999999999998185e-05,-0.000119,-0.000114,1.0,0.0,959.2154809379124,0.0,959.2154809379124
1668416323.9046628,0.04421,-3.399999999999931e-05,-5e-05,6.9e-05,0.0,1.0,0.0,21696.798935487728,959.2154809379124
1668416384.8010175,0.044315,0.000105,2.5e-05,7.500000000000001e-05,0.0,1.0,0.0,21696.798935487728,961.4936448261388
1668416444.7590742,0.044328,1.2999999999999123e-05,3.8e-05,1.3e-05,0.0,1.0,0.0,21696.798935487728,961.7757032123
1668416504.6835938,0.04443,0.0001019999999999,0.000261,0.000223,0.0,1.0,0.0,21696.798935487728,963.9887767037196
1668416565.840413,0.044439,9.000000000002062e-06,0.000209,-5.199999999999999e-05,1.0,0.0,964.1840478941392,0.0,964.1840478941392
1668416625.63473,0.044552,0.000113,0.000342,0.000133,0.0,1.0,0.0,21641.767999060405,964.1840478941392
1668416685.788143,0.04464,8.79999999999978e-05,0.000429,8.7e-05,0.0,1.0,0.0,21641.767999060405,966.0885234780563
1668416747.4950583,0.04458,-5.999999999999756e-05,0.000354,-7.500000000000003e-05,1.0,0.0,964.7900173981128,0.0,964.7900173981128
1668416806.8326209,0.044586,5.999999999999062e-06,0.000362,8.000000000000032e-06,0.0,1.0,0.0,21638.855636256063,964.7900173981128
1668416866.8506727,0.04471,0.0001239999999999,0.00051,0.000148,0.0,1.0,0.0,21638.855636256063,967.4732354970084
1668416927.5437584,0.044668,-4.200000000000037e-05,0.000412,-9.800000000000004e-05,1.0,0.0,966.5644035602858,0.0,966.5644035602858
1668416987.4393332,0.044789,0.000121,0.000461,4.9e-05,0.0,1.0,0.0,21580.3970519611,966.5644035602858
1668417047.5339866,0.044647,-0.000142,0.000301,-0.0001599999999999,1.0,0.0,963.4999871789072,0.0,963.4999871789072
1668417108.1180658,0.04464,-7.000000000000062e-06,0.000217,-8.400000000000001e-05,1.0,0.0,963.4999871789072,0.0,963.4999871789072
1668417168.094818,0.044659,1.8999999999998185e-05,-7.2e-05,-0.000289,1.0,0.0,963.4999871789072,0.0,963.4999871789072
1668417228.2422998,0.04473,7.100000000000162e-05,0.000207,0.000279,0.0,1.0,0.0,21540.352943861104,963.4999871789072
1668417289.1694024,0.04468,-5.000000000000143e-05,4e-05,-0.000167,1.0,0.0,962.422969531714,0.0,962.422969531714
1668417349.1311944,0.044693,1.2999999999999123e-05,0.000109,6.9e-05,0.0,1.0,0.0,21534.087430508447,962.422969531714
1668417409.0826871,0.04478,8.700000000000374e-05,0.00017,6.1000000000000005e-05,0.0,1.0,0.0,21534.087430508447,964.2964351381682
1668417469.9019723,0.04478,0.0,0.000115,-5.500000000000001e-05,1.0,0.0,964.2964351381682,0.0,964.2964351381682
1668417529.8387687,0.044863,8.299999999999974e-05,0.000105,-1e-05,1.0,0.0,964.2964351381682,0.0,964.2964351381682
1668417589.847449,0.044846,-1.7000000000003124e-05,0.000143,3.8e-05,0.0,1.0,0.0,21502.39564594765,964.2964351381682
1668417651.0259554,0.04475,-9.599999999999886e-05,0.000137,-6.00000000000001e-06,1.0,0.0,962.2322051561572,0.0,962.2322051561572
1668417710.5349567,0.044666,-8.400000000000074e-05,-2e-06,-0.000139,1.0,0.0,962.2322051561572,0.0,962.2322051561572
1668417770.5548468,0.044752,8.600000000000274e-05,9.3e-05,9.5e-05,0.0,1.0,0.0,21501.434687972764,962.2322051561572
1668417831.5352538,0.044729,-2.3000000000002185e-05,4.7e-05,-4.6e-05,1.0,0.0,961.7376721583336,0.0,961.7376721583336
1668417891.384519,0.044696,-3.299999999999831e-05,1.4e-05,-3.3e-05,1.0,0.0,961.7376721583336,0.0,961.7376721583336
1668417951.3720284,0.044653,-4.300000000000137e-05,-5.8e-05,-7.2e-05,1.0,0.0,961.7376721583336,0.0,961.7376721583336
1668418012.496276,0.044653,0.0,-0.00014,-8.199999999999999e-05,1.0,0.0,961.7376721583336,0.0,961.7376721583336
1668418072.3282871,0.044626,-2.6999999999999247e-05,-7.7e-05,6.299999999999999e-05,0.0,1.0,0.0,21551.06153718311,961.7376721583336
1668418132.4415042,0.044626,0.0,-7.7e-05,0.0,0.0,1.0,0.0,21551.06153718311,961.7376721583336
1668418193.28467,0.044606,-1.9999999999999185e-05,-0.000234,-0.000157,1.0,0.0,961.30665092759,0.0,961.30665092759
1668418253.7327192,0.044589,-1.7000000000003124e-05,-0.000264,-3.0000000000000024e-05,1.0,0.0,961.30665092759,0.0,961.30665092759
1668418313.2593584,0.04469,0.000101,-0.000167,9.700000000000004e-05,0.0,1.0,0.0,21510.55383592728,961.30665092759
1668418373.9366102,0.044669,-2.1000000000000185e-05,-0.000111,5.599999999999999e-05,0.0,1.0,0.0,21510.55383592728,960.8549292970356
1668418433.8611298,0.0444,-0.0002689999999999,-0.000249,-0.000138,1.0,0.0,955.0685903151711,0.0,955.0685903151711
1668418493.771016,0.04445,5.000000000000143e-05,-0.000302,-5.300000000000004e-05,1.0,0.0,955.0685903151711,0.0,955.0685903151711
1668418554.8574436,0.044488,3.799999999999637e-05,-0.000208,9.400000000000004e-05,0.0,1.0,0.0,21468.00463754656,955.068590315171
1668418615.0066867,0.044439,-4.900000000000043e-05,-0.000226,-1.8000000000000004e-05,1.0,0.0,954.0166580879314,0.0,954.0166580879314
1668418674.8656957,0.04444,1.000000000001e-06,-0.000136,8.999999999999999e-05,0.0,1.0,0.0,21467.52155913437,954.0166580879314
1668418735.4911258,0.044437,-3.0000000000030003e-06,-0.000189,-5.3000000000000014e-05,1.0,0.0,953.952255523254,0.0,953.952255523254
1668418795.796893,0.044376,-6.099999999999856e-05,-0.00025,-6.099999999999999e-05,1.0,0.0,953.952255523254,0.0,953.952255523254
1668418855.52695,0.044379,3.0000000000030003e-06,-0.00021,4e-05,0.0,1.0,0.0,21495.57798786034,953.952255523254
1668418916.3350358,0.044436,5.700000000000149e-05,-0.000183,2.700000000000001e-05,0.0,1.0,0.0,21495.57798786034,955.177503468562
1668418976.3808515,0.044423,-1.3000000000006062e-05,-0.00028,-9.699999999999996e-05,1.0,0.0,954.8980609547198,0.0,954.8980609547198
1668419036.3443923,0.044444,2.1000000000000185e-05,-0.000259,2.099999999999997e-05,0.0,1.0,0.0,21485.42122569345,954.8980609547197
1668419097.1338117,0.0443,-0.0001439999999999,-0.0002,5.9e-05,0.0,1.0,0.0,21485.42122569345,951.80416029822
1668419157.182874,0.044401,0.000101,1e-06,0.000201,0.0,1.0,0.0,21485.42122569345,953.974187842015
1668419218.3982608,0.04442,1.8999999999998185e-05,-3e-05,-3.1e-05,1.0,0.0,954.3824108453032,0.0,954.3824108453032
1668419278.0831792,0.044309,-0.0001109999999999,-0.000182,-0.000152,1.0,0.0,954.3824108453032,0.0,954.3824108453032
1668419337.9168706,0.044318,9.000000000002062e-06,-7.7e-05,0.000105,0.0,1.0,0.0,21534.87095187741,954.3824108453032
1668419397.9858377,0.044268,-5.000000000000143e-05,-0.000107,-3e-05,1.0,0.0,953.3056672977092,0.0,953.3056672977092
1668419458.6878977,0.044323,5.499999999999949e-05,-5.3e-05,5.4e-05,0.0,1.0,0.0,21508.148530056835,953.3056672977092
1668419518.5376728,0.044381,5.799999999999556e-05,-5.5e-05,-2.000000000000001e-06,1.0,0.0,954.5531399124524,0.0,954.5531399124524
1668419578.818406,0.04429,-9.099999999999386e-05,-0.000114,-5.9e-05,1.0,0.0,954.5531399124524,0.0,954.5531399124524
1668419639.5261726,0.044297,7.000000000000062e-06,-0.000147,-3.299999999999999e-05,1.0,0.0,954.5531399124524,0.0,954.5531399124524
1668419699.3067114,0.044246,-5.100000000000243e-05,-5e-06,0.0001419999999999,0.0,1.0,0.0,21573.772542432136,954.5531399124524
1668419759.411337,0.044194,-5.200000000000343e-05,-0.000187,-0.0001819999999999,1.0,0.0,953.4313037402458,0.0,953.4313037402458
1668419820.9114125,0.04415,-4.399999999999543e-05,-0.000231,-4.400000000000001e-05,1.0,0.0,953.4313037402458,0.0,953.4313037402458
1668419879.5243373,0.0441,-5.000000000000143e-05,-0.000207,2.400000000000001e-05,0.0,1.0,0.0,21619.75745442734,953.4313037402458
1668419939.5815396,0.044084,-1.6000000000002124e-05,-0.000234,-2.700000000000001e-05,1.0,0.0,953.0853876209748,0.0,953.0853876209748
1668419999.5362167,0.044239,0.000155,-5.1e-05,0.000183,0.0,1.0,0.0,21544.00840030233,953.0853876209748
1668420059.6005564,0.044224,-1.5000000000001124e-05,-9.9e-05,-4.8e-05,1.0,0.0,952.76222749497,0.0,952.76222749497
1668420119.5409243,0.044303,7.900000000000268e-05,-7.8e-05,2.0999999999999995e-05,0.0,1.0,0.0,21505.591664107847,952.76222749497
1668420179.5551198,0.044416,0.0001129999999999,0.000111,0.0001889999999999,0.0,1.0,0.0,21505.591664107847,955.192359353014
1668420239.5257685,0.044347,-6.899999999999962e-05,0.000174,6.3e-05,0.0,1.0,0.0,21505.591664107847,953.7084735281908
1668420300.303748,0.044281,-6.599999999999662e-05,3.5e-05,-0.000139,1.0,0.0,952.2891044783596,0.0,952.2891044783596
1668420359.559581,0.044372,9.10000000000008e-05,0.000134,9.9e-05,0.0,1.0,0.0,21461.487074694844,952.2891044783596
1668420419.5563922,0.044413,4.099999999999937e-05,0.000175,4.1e-05,0.0,1.0,0.0,21461.487074694844,953.169025448422
1668420479.4863982,0.044473,5.999999999999756e-05,0.00031,0.000135,0.0,1.0,0.0,21461.487074694844,954.4567146729038
1668420539.5153444,0.044451,-2.2000000000001185e-05,0.000375,6.500000000000001e-05,0.0,1.0,0.0,21461.487074694844,953.9845619572604
1668420599.4064174,0.044499,4.799999999999943e-05,0.000275,-0.0001,1.0,0.0,955.0147133368458,0.0,955.0147133368458
1668420659.3965154,0.044436,-6.299999999999362e-05,0.000212,-6.300000000000001e-05,1.0,0.0,955.0147133368458,0.0,955.0147133368458
1668420719.631297,0.044436,0.0,0.000212,0.0,1.0,0.0,955.0147133368458,0.0,955.0147133368458
1668420780.6095698,0.044623,0.0001869999999999,0.000384,0.000172,0.0,1.0,0.0,21401.84912123447,955.0147133368458
1668420839.5381503,0.04465,2.6999999999999247e-05,0.000358,-2.600000000000004e-05,1.0,0.0,955.5925632631192,0.0,955.5925632631192
1668420899.523243,0.04454,-0.0001099999999999,0.000189,-0.0001689999999999,1.0,0.0,955.5925632631192,0.0,955.5925632631192
1668420959.6203444,0.04461,6.999999999999368e-05,0.000194,4.999999999999986e-06,0.0,1.0,0.0,21421.03930202016,955.5925632631192
1668421019.4952862,0.044562,-4.799999999999943e-05,0.000346,0.000152,0.0,1.0,0.0,21421.03930202016,954.5643533766224
1668421079.5581918,0.044573,1.1000000000004062e-05,0.000292,-5.400000000000001e-05,1.0,0.0,954.7999848089446,0.0,954.7999848089446
1668421139.579281,0.0445,-7.300000000000362e-05,8.7e-05,-0.000205,1.0,0.0,954.7999848089446,0.0,954.7999848089446
1668421199.468306,0.044547,4.700000000000537e-05,7.4e-05,-1.3000000000000004e-05,1.0,0.0,954.7999848089446,0.0,954.7999848089446
1668421260.169945,0.044431,-0.000116,-2e-05,-9.4e-05,1.0,0.0,954.7999848089446,0.0,954.7999848089446
1668421319.5087988,0.044437,5.999999999999062e-06,-1.4e-05,6.000000000000002e-06,0.0,1.0,0.0,21486.598663477387,954.7999848089446
1668421379.5545669,0.044437,0.0,-1.4e-05,0.0,0.0,1.0,0.0,21486.598663477387,954.7999848089446
1668421439.603637,0.044426,-1.0999999999997123e-05,-0.000186,-0.000172,1.0,0.0,954.5636322236464,0.0,954.5636322236464
1668421499.6227996,0.04446,3.399999999999931e-05,-0.00012,6.599999999999999e-05,0.0,1.0,0.0,21470.167166523763,954.5636322236464
1668421559.7643788,0.04446,0.0,-0.00012,0.0,0.0,1.0,0.0,21470.167166523763,954.5636322236464
1668421619.6614597,0.04443,-3.0000000000002247e-05,-0.000156,-3.5999999999999994e-05,1.0,0.0,953.9195272086508,0.0,953.9195272086508
1668421679.56742,0.044272,-0.0001579999999999,-0.000314,-0.000158,1.0,0.0,953.9195272086508,0.0,953.9195272086508
1668421740.5728116,0.04437,9.800000000000086e-05,-0.000189,0.0001249999999999,0.0,1.0,0.0,21499.200523070787,953.9195272086508
1668421799.538881,0.04437,0.0,-0.000189,0.0,0.0,1.0,0.0,21499.200523070787,953.9195272086508
1668421859.6331277,0.04427,-0.0001,-0.00023,-4.1e-05,1.0,0.0,951.7696071563436,0.0,951.7696071563436
1668421919.5825844,0.044217,-5.299999999999749e-05,-0.000236,-5.999999999999983e-06,1.0,0.0,951.7696071563436,0.0,951.7696071563436
1668421979.6176574,0.044298,8.099999999999774e-05,-0.000139,9.7e-05,0.0,1.0,0.0,21485.611250086768,951.7696071563436
1668422039.505891,0.044234,-6.399999999999462e-05,-0.000239,-0.0001,1.0,0.0,950.394528036338,0.0,950.394528036338
1668422099.476838,0.044187,-4.700000000000537e-05,-0.000239,0.0,1.0,0.0,950.394528036338,0.0,950.394528036338
1668422159.4815445,0.044156,-3.099999999999631e-05,-0.000304,-6.500000000000001e-05,1.0,0.0,950.394528036338,0.0,950.394528036338
1668422220.8102582,0.044113,-4.300000000000137e-05,-0.000347,-4.299999999999996e-05,1.0,0.0,950.394528036338,0.0,950.394528036338
1668422279.6455295,0.044113,0.0,-0.000327,2e-05,0.0,1.0,0.0,21544.545327598167,950.394528036338
1668422339.5782588,0.043983,-0.0001299999999999,-0.000289,3.8e-05,0.0,1.0,0.0,21544.545327598167,947.5937371437502
1668422399.4781733,0.043989,5.999999999999062e-06,-0.000439,-0.00015,1.0,0.0,947.7230044157158,0.0,947.7230044157158
1668422459.5576365,0.044004,1.5000000000001124e-05,-0.000366,7.299999999999999e-05,0.0,1.0,0.0,21537.20126387864,947.7230044157156
1668422519.537912,0.044011,7.000000000000062e-06,-0.000278,8.800000000000002e-05,0.0,1.0,0.0,21537.20126387864,947.8737648245628
1668422579.840421,0.044044,3.299999999999831e-05,-0.000172,0.0001059999999999,0.0,1.0,0.0,21537.20126387864,948.5844924662708
1668422639.638775,0.043978,-6.599999999999662e-05,-0.000333,-0.000161,1.0,0.0,947.1630371828549,0.0,947.1630371828549
1668422700.5223184,0.044084,0.0001059999999999,-7.1e-05,0.000262,0.0,1.0,0.0,21485.41505269156,947.1630371828549
1668422759.7843049,0.044003,-8.099999999999774e-05,-0.000146,-7.5e-05,1.0,0.0,945.4227185635866,0.0,945.4227185635866
1668422819.6870568,0.04394,-6.300000000000056e-05,-0.000173,-2.700000000000001e-05,1.0,0.0,945.4227185635866,0.0,945.4227185635866
1668422879.647369,0.044003,6.300000000000056e-05,-0.000125,4.8e-05,0.0,1.0,0.0,21485.41505269156,945.4227185635866
1668422939.67904,0.044001,-2.000000000002e-06,-3.2e-05,9.3e-05,0.0,1.0,0.0,21485.41505269156,945.3797477334812
1668422999.6457088,0.04415,0.000149,0.000147,0.000179,0.0,1.0,0.0,21485.41505269156,948.5810745763324
1668423059.7593882,0.044091,-5.900000000000349e-05,8.7e-05,-6e-05,1.0,0.0,947.3134350882234,0.0,947.3134350882234
1668423119.6175718,0.044093,2.000000000002e-06,1.9e-05,-6.8e-05,1.0,0.0,947.3134350882234,0.0,947.3134350882234
1668423180.3875527,0.044051,-4.200000000000037e-05,4.9e-05,3e-05,0.0,1.0,0.0,21504.924634814724,947.3134350882234
1668423239.5556726,0.043989,-6.199999999999956e-05,1.1e-05,-3.8e-05,1.0,0.0,945.9801297608648,0.0,945.9801297608648
1668423299.6395605,0.04403,4.099999999999937e-05,-5.4e-05,-6.5e-05,1.0,0.0,945.9801297608648,0.0,945.9801297608648
1668423359.8434346,0.04403,0.0,2.7e-05,8.099999999999999e-05,0.0,1.0,0.0,21484.899608468422,945.9801297608648
1668423419.628768,0.043953,-7.700000000000068e-05,8.1e-05,5.4000000000000005e-05,0.0,1.0,0.0,21484.899608468422,944.3257924910124
1668423479.6382856,0.043971,1.8000000000004124e-05,4.5e-05,-3.6e-05,1.0,0.0,944.7125206839652,0.0,944.7125206839652
1668423539.750759,0.044,2.8999999999994308e-05,-8.7e-05,-0.000132,1.0,0.0,944.7125206839652,0.0,944.7125206839652
1668423599.6027472,0.04409,8.99999999999998e-05,-6e-05,2.7e-05,0.0,1.0,0.0,21426.911333272063,944.7125206839652
1668423660.855724,0.044023,-6.699999999999762e-05,-6.8e-05,-7.999999999999998e-06,1.0,0.0,943.276917624636,0.0,943.276917624636
1668423719.6663723,0.044009,-1.4000000000000123e-05,-8.2e-05,-1.4e-05,1.0,0.0,943.276917624636,0.0,943.276917624636
1668423779.5884006,0.04401,1.000000000001e-06,-8.1e-05,9.999999999999972e-07,0.0,1.0,0.0,21433.24057315692,943.276917624636
1668423839.6335318,0.044009,-1.000000000001e-06,-4.2e-05,3.9000000000000006e-05,0.0,1.0,0.0,21433.24057315692,943.2554843840628
1668423899.734059,0.044124,0.0001149999999999,8.4e-05,0.000126,0.0,1.0,0.0,21433.24057315692,945.720307049976
1668423959.6980162,0.044121,-2.9999999999960614e-06,8.1e-05,-2.999999999999992e-06,1.0,0.0,945.6560073282564,0.0,945.6560073282564
1668424019.6756709,0.044121,0.0,8.1e-05,0.0,1.0,0.0,945.6560073282564,0.0,945.6560073282564
1668424079.710078,0.043997,-0.0001239999999999,-3.3e-05,-0.000114,1.0,0.0,945.6560073282564,0.0,945.6560073282564
1668424140.7030838,0.044005,8.000000000001062e-06,5e-06,3.8e-05,0.0,1.0,0.0,21489.73996882755,945.6560073282564
1668424199.5294905,0.044001,-4.000000000004e-06,4.8e-05,4.3e-05,0.0,1.0,0.0,21489.73996882755,945.570048368381
1668424259.8684344,0.043999,-1.9999999999950613e-06,4.6e-05,-2.000000000000001e-06,1.0,0.0,945.5270688884436,0.0,945.5270688884436
1668424319.7386968,0.043954,-4.500000000000337e-05,-4.6e-05,-9.2e-05,1.0,0.0,945.5270688884436,0.0,945.5270688884436
1668424379.744586,0.044122,0.000168,3.2e-05,7.8e-05,0.0,1.0,0.0,21429.83248466624,945.5270688884438
1668424439.575415,0.04407,-5.200000000000343e-05,6.1e-05,2.9e-05,0.0,1.0,0.0,21429.83248466624,944.4127175992412
1668424499.6314857,0.043999,-7.099999999999468e-05,-1e-05,-7.1e-05,1.0,0.0,942.89119949283,0.0,942.89119949283
1668424559.7558355,0.043963,-3.600000000000131e-05,-6.1e-05,-5.1e-05,1.0,0.0,942.89119949283,0.0,942.89119949283
1668424620.8917868,0.04405,8.69999999999968e-05,2.6e-05,8.7e-05,0.0,1.0,0.0,21405.02155488831,942.89119949283
1668424679.8495288,0.044009,-4.099999999999937e-05,-0.000112,-0.000138,1.0,0.0,942.0135936090796,0.0,942.0135936090796
1668424739.5597315,0.043874,-0.0001349999999999,-0.000135,-2.3000000000000003e-05,1.0,0.0,942.0135936090796,0.0,942.0135936090796
1668424799.5607443,0.044036,0.0001619999999999,3e-05,0.000165,0.0,1.0,0.0,21391.897393248244,942.0135936090796
1668424859.6686113,0.044101,6.500000000000256e-05,0.000102,7.2e-05,0.0,1.0,0.0,21391.897393248244,943.4040669396408
1668424919.6303775,0.043913,-0.000188,-4.1e-05,-0.000143,1.0,0.0,939.3823902297102,0.0,939.3823902297102
1668424979.6286252,0.043993,7.999999999999674e-05,-9.5e-05,-5.4000000000000005e-05,1.0,0.0,939.3823902297102,0.0,939.3823902297102
1668425039.7484772,0.043997,4.000000000004e-06,-7.3e-05,2.200000000000001e-05,0.0,1.0,0.0,21351.05553173421,939.3823902297102
1668425100.90089,0.044057,5.999999999999756e-05,5.3e-05,0.000126,0.0,1.0,0.0,21351.05553173421,940.663453561614
1668425159.624864,0.044183,0.000126,0.000184,0.0001309999999999,0.0,1.0,0.0,21351.05553173421,943.3536865586128
1668425219.5916114,0.04414,-4.300000000000137e-05,9e-05,-9.4e-05,1.0,0.0,942.435591170748,0.0,942.435591170748
1668425279.6391776,0.04425,0.0001099999999999,0.000498,0.0004079999999999,0.0,1.0,0.0,21297.97946148584,942.435591170748
1668425339.8053305,0.044188,-6.199999999999956e-05,0.000302,-0.0001959999999999,1.0,0.0,941.115116444136,0.0,941.115116444136
1668425399.617975,0.044196,8.000000000001062e-06,0.000143,-0.000159,1.0,0.0,941.115116444136,0.0,941.115116444136
1668425460.0452113,0.044305,0.0001089999999999,0.000147,3.999999999999989e-06,0.0,1.0,0.0,21241.73606690297,941.115116444136
1668425519.6026309,0.044275,-2.9999999999995308e-05,0.000362,0.000215,0.0,1.0,0.0,21241.73606690297,940.477864362129
1668425580.8311744,0.044271,-4.000000000004e-06,0.000251,-0.000111,1.0,0.0,940.3928974178611,0.0,940.3928974178611
1668425639.6964557,0.044337,6.600000000000356e-05,0.00034,8.900000000000005e-05,0.0,1.0,0.0,21210.11564647724,940.3928974178611
1668425700.075091,0.044346,8.999999999995123e-06,0.000349,9.000000000000002e-06,0.0,1.0,0.0,21210.11564647724,940.5837884586796
1668425759.760884,0.044182,-0.0001639999999999,0.000116,-0.000233,1.0,0.0,937.1053294926572,0.0,937.1053294926572
1668425819.7742808,0.044182,0.0,-8.7e-05,-0.000203,1.0,0.0,937.1053294926572,0.0,937.1053294926572
1668425879.8015108,0.0442,1.8000000000004124e-05,4e-06,9.1e-05,0.0,1.0,0.0,21201.478042820298,937.1053294926572
1668425939.707193,0.044256,5.599999999999356e-05,5.2e-05,4.8e-05,0.0,1.0,0.0,21201.478042820298,938.292612263055
1668425999.89111,0.044376,0.00012,0.000189,0.000137,0.0,1.0,0.0,21201.478042820298,940.8367896281936
1668426060.9158564,0.044333,-4.300000000000137e-05,0.000137,-5.200000000000002e-05,1.0,0.0,939.9251260723522,0.0,939.9251260723522
1668426119.816251,0.044333,0.0,0.000121,-1.5999999999999996e-05,1.0,0.0,939.9251260723522,0.0,939.9251260723522
1668426179.771719,0.044351,1.8000000000004124e-05,9.1e-05,-3e-05,1.0,0.0,939.9251260723522,0.0,939.9251260723522
1668426239.788863,0.044333,-1.8000000000004124e-05,5.8e-05,-3.3e-05,1.0,0.0,939.9251260723522,0.0,939.9251260723522
1668426299.7925432,0.044421,8.800000000000474e-05,7.5e-05,1.6999999999999993e-05,0.0,1.0,0.0,21159.476960724707,939.9251260723522
1668426359.8140805,0.044379,-4.200000000000037e-05,0.000197,0.000122,0.0,1.0,0.0,21159.476960724707,939.036428040002
1668426419.7004635,0.044347,-3.200000000000425e-05,0.000147,-5e-05,1.0,0.0,938.3593247772584,0.0,938.3593247772584
1668426479.6920085,0.044261,-8.59999999999958e-05,5e-06,-0.0001419999999999,1.0,0.0,938.3593247772584,0.0,938.3593247772584
1668426540.5875654,0.044352,9.10000000000008e-05,9.6e-05,9.1e-05,0.0,1.0,0.0,21157.091557928805,938.3593247772584
1668426599.571422,0.044285,-6.700000000000456e-05,-9.5e-05,-0.000191,1.0,0.0,936.9417996428772,0.0,936.9417996428772
1668426659.7072558,0.04444,0.000155,0.000107,0.000202,0.0,1.0,0.0,21083.29882184692,936.9417996428772
1668426719.8243911,0.044305,-0.000135,-2.8e-05,-0.000135,1.0,0.0,934.0955543019278,0.0,934.0955543019278
1668426779.7235117,0.044293,-1.1999999999998123e-05,-4e-05,-1.2000000000000004e-05,1.0,0.0,934.0955543019278,0.0,934.0955543019278
1668426839.6893103,0.04433,3.700000000000231e-05,-2.3e-05,1.7000000000000003e-05,0.0,1.0,0.0,21071.408849581047,934.0955543019278
1668426899.7502823,0.044281,-4.900000000000043e-05,1.2e-05,3.5e-05,0.0,1.0,0.0,21071.408849581047,933.0630552682984
1668426959.8281474,0.04426,-2.1000000000000185e-05,-0.000103,-0.000115,1.0,0.0,932.6205556824572,0.0,932.6205556824572
1668427020.953746,0.044325,6.500000000000256e-05,-5.5e-05,4.8e-05,0.0,1.0,0.0,21040.50887044461,932.6205556824572
1668427079.7194493,0.044374,4.899999999999349e-05,2.7e-05,8.2e-05,0.0,1.0,0.0,21040.50887044461,933.651540617109
1668427139.873697,0.044303,-7.099999999999468e-05,3.1e-05,4.000000000000002e-06,0.0,1.0,0.0,21040.50887044461,932.1576644873076
1668427199.8317878,0.044368,6.499999999999562e-05,9.6e-05,6.500000000000001e-05,0.0,1.0,0.0,21040.50887044461,933.5252975638864
1668427260.1509535,0.044325,-4.299999999999443e-05,-7.1e-05,-0.000167,1.0,0.0,932.6205556824574,0.0,932.6205556824574
1668427320.148271,0.044355,2.9999999999995308e-05,-0.000105,-3.4e-05,1.0,0.0,932.6205556824574,0.0,932.6205556824574
1668427379.890206,0.044301,-5.3999999999998494e-05,8e-06,0.000113,0.0,1.0,0.0,21051.90753442264,932.6205556824574
1668427439.6437576,0.044508,0.0002069999999999,0.000246,0.000238,0.0,1.0,0.0,21051.90753442264,936.9783005420828
1668427500.478886,0.04454,3.200000000000425e-05,0.000278,3.1999999999999965e-05,0.0,1.0,0.0,21051.90753442264,937.6519615831844
1668427559.707697,0.044696,0.0001559999999999,0.000434,0.000156,0.0,1.0,0.0,21051.90753442264,940.9360591585544
1668427619.8719082,0.044597,-9.900000000000186e-05,0.000295,-0.0001389999999999,1.0,0.0,938.8519203126464,0.0,938.8519203126464
1668427680.0588706,0.04469,9.30000000000028e-05,0.000365,6.999999999999997e-05,0.0,1.0,0.0,21008.098463026323,938.8519203126464
1668427740.072564,0.0447,9.999999999996125e-06,0.000326,-3.899999999999997e-05,1.0,0.0,939.0620012972764,0.0,939.0620012972764
1668427800.0218406,0.04483,0.00013,0.000462,0.000136,0.0,1.0,0.0,20947.178257802283,939.0620012972764
1668427859.8757815,0.04482,-1.0000000000003062e-05,0.000452,-1.0000000000000026e-05,1.0,0.0,938.8525295146984,0.0,938.8525295146984
1668427919.9314504,0.044761,-5.899999999999656e-05,0.000461,9.000000000000002e-06,0.0,1.0,0.0,20974.7889795737,938.8525295146984
1668427980.037499,0.044688,-7.300000000000362e-05,0.000333,-0.0001279999999999,1.0,0.0,937.3213699191896,0.0,937.3213699191896
1668428039.801407,0.04464,-4.799999999999943e-05,0.000266,-6.7e-05,1.0,0.0,937.3213699191896,0.0,937.3213699191896
1668428099.8568604,0.04469,5.000000000000143e-05,0.00015,-0.000116,1.0,0.0,937.3213699191896,0.0,937.3213699191896
1668428159.8690946,0.04464,-5.000000000000143e-05,-5.6e-05,-0.000206,1.0,0.0,937.3213699191896,0.0,937.3213699191896
1668428219.8989327,0.04467,3.0000000000002247e-05,2.9e-05,8.5e-05,0.0,1.0,0.0,20983.2408757374,937.3213699191896
1668428279.9627404,0.044699,2.9000000000001247e-05,0.000129,0.0001,0.0,1.0,0.0,20983.2408757374,937.929883904586
1668428339.9559815,0.04469,-9.000000000002062e-06,-1.2e-05,-0.0001409999999999,1.0,0.0,937.7410347367044,0.0,937.7410347367044
1668428400.0392168,0.04466,-3.0000000000002247e-05,-0.00015,-0.000138,1.0,0.0,937.7410347367044,0.0,937.7410347367044
1668428459.868269,0.04469,3.0000000000002247e-05,-0.000132,1.7999999999999977e-05,0.0,1.0,0.0,20983.2408757374,937.7410347367044
1668428520.3504562,0.0447,9.999999999996125e-06,-1.8e-05,0.000114,0.0,1.0,0.0,20983.2408757374,937.9508671454616
1668428579.8943143,0.044603,-9.699999999999986e-05,-2.7e-05,-8.999999999999999e-06,1.0,0.0,935.9154927805153,0.0,935.9154927805153
1668428639.704765,0.044627,2.4000000000003185e-05,-1.3e-05,1.4e-05,0.0,1.0,0.0,20971.956277153186,935.9154927805153
1668428699.9090295,0.044603,-2.4000000000003185e-05,-5.9e-05,-4.6e-05,1.0,0.0,935.4121658298636,0.0,935.4121658298636
1668428759.778721,0.04452,-8.299999999999974e-05,-7.8e-05,-1.9e-05,1.0,0.0,935.4121658298636,0.0,935.4121658298636
1668428819.802565,0.04448,-3.999999999999837e-05,-0.000159,-8.099999999999999e-05,1.0,0.0,935.4121658298636,0.0,935.4121658298636
1668428879.766981,0.044349,-0.0001309999999999,-0.00035,-0.000191,1.0,0.0,935.4121658298636,0.0,935.4121658298636
1668428939.905692,0.044349,0.0,-0.00035,0.0,1.0,0.0,935.4121658298636,0.0,935.4121658298636
1668428999.954454,0.044349,0.0,-0.000349,9.9999999999997e-07,0.0,1.0,0.0,21092.068949240427,935.4121658298636
1668429059.7631238,0.04438,3.100000000000325e-05,-0.00033,1.9000000000000028e-05,0.0,1.0,0.0,21092.068949240427,936.0660199672902
1668429119.7702732,0.044356,-2.4000000000003185e-05,-0.000312,1.8000000000000004e-05,0.0,1.0,0.0,21092.068949240427,935.5598103125084
1668429180.0041857,0.044333,-2.3000000000002185e-05,-0.00027,4.199999999999999e-05,0.0,1.0,0.0,21092.068949240427,935.0746927266758
1668429239.8646271,0.044071,-0.0002619999999999,-0.000579,-0.000309,1.0,0.0,929.5485706619748,0.0,929.5485706619748
1668429299.8759558,0.044043,-2.8000000000000247e-05,-0.00056,1.9000000000000028e-05,0.0,1.0,0.0,21105.47807056683,929.548570661975
1668429359.9350212,0.044128,8.500000000000174e-05,-0.000433,0.0001269999999999,0.0,1.0,0.0,21105.47807056683,931.3425362979732
1668429419.842457,0.04406,-6.799999999999862e-05,-0.000339,9.4e-05,0.0,1.0,0.0,21105.47807056683,929.9073637891746
1668429480.556645,0.04406,0.0,-0.000289,5.000000000000002e-05,0.0,1.0,0.0,21105.47807056683,929.9073637891746
1668429539.8934836,0.044114,5.3999999999998494e-05,-0.000296,-7.000000000000008e-06,1.0,0.0,931.0470596049852,0.0,931.0470596049852
1668429599.9536738,0.04409,-2.4000000000003185e-05,-0.000259,3.699999999999998e-05,0.0,1.0,0.0,21116.96665014709,931.0470596049852
1668429659.9323692,0.044091,1.000000000001e-06,-0.000301,-4.199999999999999e-05,1.0,0.0,931.0681765716351,0.0,931.0681765716351
1668429719.8223257,0.04413,3.900000000000431e-05,-0.000226,7.500000000000001e-05,0.0,1.0,0.0,21098.304477036825,931.0681765716351
1668429780.1769495,0.044154,2.3999999999996247e-05,-4e-06,0.000222,0.0,1.0,0.0,21098.304477036825,931.574535879084
1668429840.0963302,0.044093,-6.099999999999856e-05,1e-05,1.4e-05,0.0,1.0,0.0,21098.304477036825,930.2875393059848
1668429899.9543433,0.044128,3.500000000000031e-05,4.6e-05,3.6e-05,0.0,1.0,0.0,21098.304477036825,931.025979962681
1668429960.6564927,0.044195,6.699999999999762e-05,0.000113,6.7e-05,0.0,1.0,0.0,21098.304477036825,932.4395663626424
1668430019.9245412,0.044193,-1.9999999999950613e-06,0.000133,2.000000000000001e-05,0.0,1.0,0.0,21098.304477036825,932.3973697536884
1668430079.776066,0.044091,-0.000102,3.1e-05,-0.000102,1.0,0.0,930.2453426970308,0.0,930.2453426970308
1668430140.0025084,0.044127,3.600000000000131e-05,1.2e-05,-1.9e-05,1.0,0.0,930.2453426970308,0.0,930.2453426970308
1668430199.8622458,0.044127,0.0,-5.3e-05,-6.500000000000001e-05,1.0,0.0,930.2453426970308,0.0,930.2453426970308
1668430259.7833283,0.044127,0.0,-5.3e-05,0.0,1.0,0.0,930.2453426970308,0.0,930.2453426970308
1668430320.0096383,0.044126,-1.000000000001e-06,3.6e-05,8.9e-05,0.0,1.0,0.0,21081.569657277585,930.2453426970308
1668430379.8418932,0.044073,-5.299999999999749e-05,-8e-05,-0.000116,1.0,0.0,929.1280195051952,0.0,929.1280195051952
1668430440.4846416,0.044062,-1.1000000000004062e-05,-2.8e-05,5.2e-05,0.0,1.0,0.0,21086.832633679707,929.1280195051952
1668430500.195253,0.0441,3.800000000000331e-05,-7.8e-05,-5e-05,1.0,0.0,929.9293191452751,0.0,929.9293191452751
1668430559.9467244,0.044112,1.1999999999998123e-05,-5.2e-05,2.6e-05,0.0,1.0,0.0,21081.0962809502,929.9293191452751
1668430619.850116,0.044119,7.000000000000062e-06,-7.6e-05,-2.4000000000000007e-05,1.0,0.0,930.076886819242,0.0,930.076886819242
1668430679.914967,0.044118,-1.000000000001e-06,-7.7e-05,-9.999999999999972e-07,1.0,0.0,930.076886819242,0.0,930.076886819242
1668430739.9730673,0.04407,-4.799999999999943e-05,2.2e-05,9.9e-05,0.0,1.0,0.0,21104.535666422555,930.076886819242
1668430799.8004105,0.043957,-0.0001129999999999,-0.00017,-0.000192,1.0,0.0,927.6920742889364,0.0,927.6920742889364
1668430859.975608,0.044008,5.099999999999549e-05,-0.000119,5.1000000000000006e-05,0.0,1.0,0.0,21080.078037832587,927.6920742889364
1668430920.607475,0.044089,8.100000000000468e-05,2.5e-05,0.000144,0.0,1.0,0.0,21080.078037832587,929.399560610001
1668430980.1241536,0.04402,-6.900000000000656e-05,-9.5e-05,-0.00012,1.0,0.0,927.9450352253904,0.0,927.9450352253904
1668431040.7392268,0.044061,4.100000000000631e-05,-5.1e-05,4.4000000000000006e-05,0.0,1.0,0.0,21060.46243220513,927.9450352253904
1668431100.8595064,0.043994,-6.700000000000456e-05,-0.000106,-5.5e-05,1.0,0.0,926.5339842424326,0.0,926.5339842424326
1668431160.6006608,0.043901,-9.299999999999586e-05,-0.000217,-0.0001109999999999,1.0,0.0,926.5339842424326,0.0,926.5339842424326
1668431221.7292423,0.043877,-2.4000000000003185e-05,-0.000241,-2.400000000000001e-05,1.0,0.0,926.5339842424326,0.0,926.5339842424326
1668431281.7087069,0.04408,0.000203,-3.8e-05,0.000203,0.0,1.0,0.0,21019.37350822216,926.5339842424326
1668431341.7288902,0.044118,3.799999999999637e-05,2.9e-05,6.7e-05,0.0,1.0,0.0,21019.37350822216,927.332720435745
1668431402.421598,0.044261,0.000143,0.000354,0.000325,0.0,1.0,0.0,21019.37350822216,930.3384908474212
1668431463.1321406,0.044293,3.199999999999731e-05,0.000324,-2.999999999999997e-05,1.0,0.0,931.0111107996842,0.0,931.0111107996842
1668431522.2915034,0.044168,-0.000125,7.9e-05,-0.000245,1.0,0.0,931.0111107996842,0.0,931.0111107996842
1668431583.132011,0.043969,-0.0001989999999999,-5.1e-05,-0.00013,1.0,0.0,931.0111107996842,0.0,931.0111107996842
1668431643.3820703,0.043224,-0.000745,-0.000837,-0.0007859999999999,1.0,0.0,931.0111107996842,0.0,931.0111107996842
1668431703.2318757,0.04259,-0.0006339999999999,-0.001378,-0.000541,1.0,0.0,931.0111107996842,0.0,931.0111107996842
1668431764.1624105,0.042895,0.0003049999999999,-0.000957,0.000421,0.0,1.0,0.0,21704.42034735247,931.0111107996842
1668431824.1834073,0.043046,0.0001509999999999,-0.000822,0.0001349999999999,0.0,1.0,0.0,21704.42034735247,934.2884782721344
1668431884.174312,0.043049,2.9999999999960614e-06,-0.001031,-0.0002089999999999,1.0,0.0,934.3535915331764,0.0,934.3535915331764
1668431945.0673263,0.042922,-0.0001269999999999,-0.001332,-0.000301,1.0,0.0,934.3535915331764,0.0,934.3535915331764
1668432005.0418391,0.04301,8.79999999999978e-05,-0.001264,6.800000000000013e-05,0.0,1.0,0.0,21724.101174916912,934.3535915331764
1668432064.9973211,0.043035,2.4999999999997247e-05,-0.001116,0.0001479999999999,0.0,1.0,0.0,21724.101174916912,934.8966940625492
1668432125.7838356,0.042901,-0.0001339999999999,-0.001169,-5.299999999999988e-05,1.0,0.0,931.9856645051104,0.0,931.9856645051104
1668432185.7583346,0.042935,3.399999999999931e-05,-0.000961,0.0002079999999999,0.0,1.0,0.0,21706.897973800173,931.9856645051104
1668432245.8412025,0.0425,-0.0004349999999999,-0.000245,0.000716,0.0,1.0,0.0,21706.897973800173,922.5431638865074
1668432306.80118,0.042382,-0.000118,-0.000398,-0.000153,1.0,0.0,919.9817499255988,0.0,919.9817499255988
1668432366.9167912,0.042607,0.0002249999999999,-0.000161,0.000237,0.0,1.0,0.0,21592.26770074398,919.9817499255988
1668432426.8572185,0.042609,2.000000000002e-06,-0.000309,-0.0001479999999999,1.0,0.0,920.0249344610004,0.0,920.0249344610004
1668432487.6729825,0.042519,-8.99999999999998e-05,-0.000615,-0.000306,1.0,0.0,920.0249344610004,0.0,920.0249344610004
1668432547.6707404,0.042428,-9.10000000000008e-05,-0.00052,9.500000000000005e-05,0.0,1.0,0.0,21684.38140994156,920.0249344610004
1668432607.620256,0.042098,-0.00033,-0.00087,-0.00035,1.0,0.0,912.8690885957196,0.0,912.8690885957196
1668432668.6339078,0.042169,7.100000000000162e-05,-0.000817,5.299999999999999e-05,0.0,1.0,0.0,21647.871388833497,912.8690885957196
1668432728.3986256,0.042359,0.00019,-0.000541,0.000276,0.0,1.0,0.0,21647.871388833497,916.982184159598
1668432788.329187,0.042499,0.00014,-0.000397,0.000144,0.0,1.0,0.0,21647.871388833497,920.0128861540348
1668432849.556909,0.042349,-0.00015,2e-06,0.000399,0.0,1.0,0.0,21647.871388833497,916.7657054457096
1668432909.6193953,0.04237,2.1000000000000185e-05,-2e-06,-4e-06,1.0,0.0,917.2203107448752,0.0,917.2203107448752
1668432969.677904,0.042324,-4.599999999999743e-05,-0.000213,-0.000211,1.0,0.0,917.2203107448752,0.0,917.2203107448752
1668433030.415806,0.042438,0.0001139999999999,-0.000168,4.500000000000001e-05,0.0,1.0,0.0,21613.18419211261,917.2203107448752
1668433090.4168088,0.042593,0.000155,0.000156,0.0003239999999999,0.0,1.0,0.0,21613.18419211261,920.5703542946526
1668433150.453341,0.042563,-3.0000000000002247e-05,0.000563,0.000407,0.0,1.0,0.0,21613.18419211261,919.921958768889
1668433211.0788178,0.042511,-5.199999999999649e-05,0.000224,-0.000339,1.0,0.0,918.7980731908992,0.0,918.7980731908992
1668433271.1176069,0.042469,-4.200000000000037e-05,9.8e-05,-0.000126,1.0,0.0,918.7980731908992,0.0,918.7980731908992
1668433331.1769435,0.042392,-7.700000000000068e-05,2.1e-05,-7.7e-05,1.0,0.0,918.7980731908992,0.0,918.7980731908992
1668433391.906753,0.042558,0.0001659999999999,0.000162,0.000141,0.0,1.0,0.0,21589.31512737674,918.7980731908992
1668433451.9023073,0.0426,4.200000000000037e-05,0.000226,6.399999999999998e-05,0.0,1.0,0.0,21589.31512737674,919.704824426249
1668433511.9395113,0.042604,4.000000000004e-06,0.00023,4.000000000000016e-06,0.0,1.0,0.0,21589.31512737674,919.7911816867588
1668433573.0573506,0.042692,8.79999999999978e-05,0.000182,-4.8e-05,1.0,0.0,921.6910414179678,0.0,921.6910414179678
1668433632.8599887,0.042521,-0.0001709999999999,1.1e-05,-0.000171,1.0,0.0,921.6910414179678,0.0,921.6910414179678
1668433693.1927142,0.042522,9.999999999940612e-07,-3.8e-05,-4.9e-05,1.0,0.0,921.6910414179678,0.0,921.6910414179678
1668433753.541617,0.042707,0.000185,0.000197,0.000235,0.0,1.0,0.0,21581.732301916963,921.6910414179678
1668433813.6022117,0.043593,0.0008859999999999,0.001088,0.000891,0.0,1.0,0.0,21581.732301916963,940.8124562374662
1668433873.5574782,0.044579,0.000986,0.002187,0.001099,0.0,1.0,0.0,21581.732301916963,962.0920442871565
1668433934.4638042,0.045404,0.0008249999999999,0.002841,0.000654,0.0,1.0,0.0,21581.732301916963,979.8969734362378
1668433994.7770343,0.044878,-0.0005259999999999,0.002281,-0.00056,1.0,0.0,968.5449822454297,0.0,968.5449822454297
1668434054.3546114,0.044923,4.499999999999643e-05,0.002319,3.799999999999984e-05,0.0,1.0,0.0,21560.113577575623,968.5449822454297
1668434115.4156456,0.045023,0.0001,0.002323,4.000000000000097e-06,0.0,1.0,0.0,21560.113577575623,970.7009936031872
1668434175.3630867,0.044982,-4.099999999999937e-05,0.002461,0.000138,0.0,1.0,0.0,21560.113577575623,969.8170289465066
1668434235.5102158,0.043681,-0.001301,0.001159,-0.001302,1.0,0.0,941.7673211820808,0.0,941.7673211820808
1668434296.1889472,0.044355,0.000674,0.001647,0.0004879999999999,0.0,1.0,0.0,21232.49512303192,941.7673211820808
1668434356.0795653,0.044348,-7.000000000000062e-06,0.000853,-0.000794,1.0,0.0,941.6186937162196,0.0,941.6186937162196
1668434416.3732948,0.044479,0.0001309999999999,-9.5e-05,-0.000948,1.0,0.0,941.6186937162196,0.0,941.6186937162196
1668434477.4368918,0.0447,0.0002209999999999,-0.000724,-0.000629,1.0,0.0,941.6186937162196,0.0,941.6186937162196
1668434536.8243098,0.044592,-0.0001079999999999,-0.000286,0.000438,0.0,1.0,0.0,21116.31444465868,941.6186937162196
1668434597.0884528,0.044608,1.6000000000002124e-05,-0.000392,-0.0001059999999999,1.0,0.0,941.9565547473344,0.0,941.9565547473344
1668434658.341065,0.044504,-0.0001039999999999,-0.000496,-0.000104,1.0,0.0,941.9565547473344,0.0,941.9565547473344
1668434718.2083852,0.044654,0.0001499999999999,-0.000263,0.000233,0.0,1.0,0.0,21094.561623759,941.9565547473344
1668434778.1696773,0.044419,-0.0002349999999999,0.000719,0.000982,0.0,1.0,0.0,21094.561623759,936.999332765751
1668434839.137467,0.044382,-3.700000000000231e-05,0.000682,-3.700000000000003e-05,1.0,0.0,936.218833985672,0.0,936.218833985672
1668434899.3394642,0.044128,-0.0002539999999999,-0.000315,-0.000997,1.0,0.0,936.218833985672,0.0,936.218833985672
1668434959.1513393,0.044278,0.0001499999999999,-0.0002,0.000115,0.0,1.0,0.0,21144.108450825963,936.218833985672
1668435020.9919703,0.04419,-8.79999999999978e-05,-0.00052,-0.0003199999999999,1.0,0.0,934.3581524419992,0.0,934.3581524419992
1668435079.9174175,0.044189,-1.000000000001e-06,-0.000452,6.799999999999997e-05,0.0,1.0,0.0,21144.586943402188,934.3581524419992
1668435139.9713104,0.044256,6.699999999999762e-05,-0.000332,0.0001199999999999,0.0,1.0,0.0,21144.586943402188,935.7748397672073
1668435200.769864,0.044302,4.600000000000437e-05,-0.000282,4.999999999999997e-05,0.0,1.0,0.0,21144.586943402188,936.7474907666036
1668435260.595321,0.044313,1.0999999999997123e-05,-0.000342,-6e-05,1.0,0.0,936.9800812229812,0.0,936.9800812229812
1668435320.711112,0.044458,0.0001449999999999,0.000118,0.00046,0.0,1.0,0.0,21075.623762269584,936.9800812229812
1668435381.7691712,0.044452,-5.999999999999062e-06,7e-05,-4.8e-05,1.0,0.0,936.8536274804076,0.0,936.8536274804076
1668435441.6428,0.044619,0.000167,0.000549,0.000479,0.0,1.0,0.0,20996.74191444021,936.8536274804076
1668435502.695506,0.044571,-4.799999999999943e-05,0.000425,-0.000124,1.0,0.0,935.8457838685146,0.0,935.8457838685146
1668435562.5011928,0.044601,3.0000000000002247e-05,0.000411,-1.399999999999996e-05,1.0,0.0,935.8457838685146,0.0,935.8457838685146
1668435622.4713054,0.04496,0.0003589999999999,0.00077,0.0003589999999999,0.0,1.0,0.0,20815.07526397941,935.8457838685146
1668435682.3662913,0.04489,-7.000000000000062e-05,0.000523,-0.0002469999999999,1.0,0.0,934.3887286000356,0.0,934.3887286000356
1668435743.2168756,0.044889,-1.000000000001e-06,0.000589,6.599999999999998e-05,0.0,1.0,0.0,20815.53896500336,934.3887286000356
1668435803.2186782,0.045053,0.000164,0.000651,6.199999999999999e-05,0.0,1.0,0.0,20815.53896500336,937.8024769902964
1668435863.1535022,0.044873,-0.0001799999999999,0.000443,-0.000208,1.0,0.0,934.055679976596,0.0,934.055679976596
1668435924.196949,0.044885,1.1999999999998123e-05,0.000455,1.200000000000002e-05,0.0,1.0,0.0,20809.973932863897,934.055679976596
1668435984.664547,0.045045,0.00016,0.000421,-3.400000000000001e-05,1.0,0.0,937.3852758058542,0.0,937.3852758058542
1668436044.2069216,0.045086,4.099999999999937e-05,0.000515,9.400000000000006e-05,0.0,1.0,0.0,20791.04990032059,937.3852758058542
1668436105.1103497,0.04522,0.000134,0.000619,0.0001039999999999,0.0,1.0,0.0,20791.04990032059,940.1712764924972
1668436165.0177295,0.045113,-0.000107,3.9e-05,-0.00058,1.0,0.0,937.9466341531628,0.0,937.9466341531628
1668436225.0570197,0.045103,-1.0000000000003062e-05,0.000172,0.000133,0.0,1.0,0.0,20795.659582581266,937.9466341531628
1668436285.720876,0.044992,-0.0001109999999999,5e-05,-0.000122,1.0,0.0,935.6383159394962,0.0,935.6383159394962
1668436345.7003672,0.04494,-5.199999999999649e-05,-4.3e-05,-9.3e-05,1.0,0.0,935.6383159394962,0.0,935.6383159394962
1668436405.803682,0.04516,0.0002199999999999,0.00026,0.000303,0.0,1.0,0.0,20718.297518589377,935.6383159394962
1668436467.2031298,0.045179,1.8999999999998185e-05,0.000201,-5.899999999999997e-05,1.0,0.0,936.0319635923494,0.0,936.0319635923494
1668436527.148955,0.045244,6.500000000000256e-05,0.000244,4.299999999999999e-05,0.0,1.0,0.0,20688.53248148593,936.0319635923496
1668436587.1652615,0.045432,0.000188,0.000439,0.000195,0.0,1.0,0.0,20688.53248148593,939.9214076988688
1668436648.2759926,0.045464,3.199999999999731e-05,0.000183,-0.000256,1.0,0.0,940.5834407382764,0.0,940.5834407382764
1668436708.1331494,0.045636,0.000172,0.000395,0.000212,0.0,1.0,0.0,20610.55834731958,940.5834407382764
1668436768.319538,0.045634,-2.000000000002e-06,0.000524,0.000129,0.0,1.0,0.0,20610.55834731958,940.5422196215816
1668436829.0851126,0.045439,-0.000195,0.000575,5.099999999999994e-05,0.0,1.0,0.0,20610.55834731958,936.5231607438544
1668436889.070079,0.045444,4.9999999999980616e-06,0.000557,-1.8000000000000004e-05,1.0,0.0,936.626213535591,0.0,936.626213535591
1668436949.113001,0.045365,-7.899999999999574e-05,0.000262,-0.0002949999999999,1.0,0.0,936.626213535591,0.0,936.626213535591
1668437010.2678025,0.045415,4.999999999999449e-05,0.000158,-0.000104,1.0,0.0,936.626213535591,0.0,936.626213535591
1668437070.9062824,0.04549,7.500000000000562e-05,0.000247,8.9e-05,0.0,1.0,0.0,20589.71671874238,936.626213535591
1668437130.09054,0.045547,5.699999999999456e-05,0.000304,5.700000000000003e-05,0.0,1.0,0.0,20589.71671874238,937.7998273885592
1668437190.8380375,0.04555,3.0000000000030003e-06,6.4e-05,-0.00024,1.0,0.0,937.8615965387154,0.0,937.8615965387154
1668437250.075735,0.045796,0.000246,0.000132,6.800000000000001e-05,0.0,1.0,0.0,20479.116004426487,937.8615965387156
1668437310.0404758,0.045567,-0.000229,-1.4e-05,-0.000146,1.0,0.0,933.1718789737018,0.0,933.1718789737018
1668437370.2099288,0.045454,-0.000113,1.5e-05,2.9e-05,0.0,1.0,0.0,20530.02769775381,933.1718789737018
1668437429.9767413,0.045222,-0.000232,-0.000301,-0.000316,1.0,0.0,928.4089125478228,0.0,928.4089125478228
1668437490.2109869,0.045362,0.00014,-5.2e-05,0.000249,0.0,1.0,0.0,20466.66620845251,928.4089125478226
1668437550.111734,0.04525,-0.000112,-0.00015,-9.8e-05,1.0,0.0,926.116645932476,0.0,926.116645932476
1668437610.2700813,0.0453,5.000000000000143e-05,-0.000142,7.999999999999978e-06,0.0,1.0,0.0,20444.07606914958,926.116645932476
1668437670.2468312,0.0453,0.0,-0.000247,-0.0001049999999999,1.0,0.0,926.116645932476,0.0,926.116645932476
1668437730.0766556,0.045274,-2.5999999999998247e-05,-0.000276,-2.9e-05,1.0,0.0,926.116645932476,0.0,926.116645932476
1668437790.1936648,0.045215,-5.900000000000349e-05,-0.000581,-0.000305,1.0,0.0,926.116645932476,0.0,926.116645932476
1668437850.1100166,0.045165,-5.000000000000143e-05,-0.000406,0.000175,0.0,1.0,0.0,20505.1842340856,926.116645932476
1668437910.1064386,0.045127,-3.799999999999637e-05,-0.000393,1.299999999999999e-05,0.0,1.0,0.0,20505.1842340856,925.3374489315808
1668437970.2636943,0.045086,-4.099999999999937e-05,-0.000434,-4.0999999999999967e-05,1.0,0.0,924.4967363779832,0.0,924.4967363779832
1668438030.1809068,0.045099,1.2999999999999123e-05,-0.000235,0.0001989999999999,0.0,1.0,0.0,20499.27351777164,924.4967363779832
1668438090.1339877,0.044778,-0.000321,-0.000446,-0.000211,1.0,0.0,917.9164695787784,0.0,917.9164695787784
1668438150.1201882,0.044947,0.000169,-0.000403,4.3000000000000015e-05,0.0,1.0,0.0,20422.196577719948,917.9164695787784
1668438210.27297,0.044924,-2.3000000000002185e-05,-0.000391,1.1999999999999966e-05,0.0,1.0,0.0,20422.196577719948,917.4467590574908
