Time,Price,Price Change,MACD,MACD Change,Cash Allocation,Coin Allocation,Cash Balance,Coin Balance,Total Balance
1668394855.0688548,16164.98,0.0,18.01405852,0.0,1.0,0.0,1000.0,0.0,1000.0
1668394914.9044478,16196.63,31.64999999999964,26.77697054,8.762912020000002,0.0,1.0,0.0,0.0617412387638663,1000.0
1668394974.9258626,16170.81,-25.81999999999971,28.55523805,1.7782675099999992,0.0,1.0,0.0,0.0617412387638663,998.4058412151168
1668395036.1472878,16161.0,-9.80999999999949,29.05874498,0.5035069300000004,0.0,1.0,0.0,0.0617412387638663,997.8001596628432
1668395095.741202,16138.4,-22.600000000000364,26.89633566,-2.162409320000002,1.0,0.0,996.40480766678,0.0,996.40480766678
1668395155.8799326,16141.0,2.600000000000364,25.57708747,-1.3192481899999997,1.0,0.0,996.40480766678,0.0,996.40480766678
1668395216.338207,16131.84,-9.159999999999854,23.26609469,-2.3109927799999994,1.0,0.0,996.40480766678,0.0,996.40480766678
1668395275.7833574,16143.75,11.909999999999854,23.06546827,-0.2006264199999989,1.0,0.0,996.40480766678,0.0,996.40480766678
1668395335.8030975,16142.2,-1.5499999999992724,22.62586679,-0.4396014800000003,1.0,0.0,996.40480766678,0.0,996.40480766678
1668395397.0849004,16154.0,11.799999999999272,22.52973502,-0.0961317699999995,1.0,0.0,996.40480766678,0.0,996.40480766678
1668395455.798229,16145.98,-8.020000000000437,21.45981134,-1.0699236799999987,1.0,0.0,996.40480766678,0.0,996.40480766678
1668395515.844105,16150.03,4.050000000001091,20.96745918,-0.4923521600000029,1.0,0.0,996.40480766678,0.0,996.40480766678
1668395576.174942,16159.9,9.86999999999898,21.55558749,0.5881283100000019,0.0,1.0,0.0,0.0616590948995216,996.40480766678
1668395635.8860545,16153.0,-6.899999999999636,20.18902098,-1.366566510000002,1.0,0.0,995.9793599119724,0.0,995.9793599119724
1668395696.1458974,16154.03,1.0300000000006548,19.28709894,-0.9019220399999988,1.0,0.0,995.9793599119724,0.0,995.9793599119724
1668395755.9259875,16161.23,7.199999999998909,19.40726719,0.1201682499999989,0.0,1.0,0.0,0.0616276954113005,995.9793599119724
1668395815.8254216,16166.07,4.8400000000001455,18.98485533,-0.4224118600000004,1.0,0.0,996.2776379577626,0.0,996.2776379577626
1668395875.766148,16169.22,3.149999999999636,19.22390922,0.239053890000001,0.0,1.0,0.0,0.0616156894369526,996.2776379577626
1668395935.8621871,16162.49,-6.729999999999563,18.5253635,-0.6985457199999985,1.0,0.0,995.862964367852,0.0,995.862964367852
1668395995.8817527,16128.0,-34.48999999999978,14.62462782,-3.90073568,1.0,0.0,995.862964367852,0.0,995.862964367852
1668396055.94402,16137.1,9.100000000000364,12.50996991,-2.11465791,1.0,0.0,995.862964367852,0.0,995.862964367852
1668396115.7864523,16130.33,-6.770000000000437,10.23619947,-2.27377044,1.0,0.0,995.862964367852,0.0,995.862964367852
1668396175.9995072,16129.71,-0.6200000000008004,8.23260668,-2.003592790000001,1.0,0.0,995.862964367852,0.0,995.862964367852
1668396235.7497616,16130.08,0.3700000000008003,6.69299081,-1.5396158699999996,1.0,0.0,995.862964367852,0.0,995.862964367852
1668396296.8576226,16140.63,10.549999999999272,5.99160413,-0.7013866800000006,1.0,0.0,995.862964367852,0.0,995.862964367852
1668396355.7705672,16161.0,20.3700000000008,7.49169616,1.5000920300000002,0.0,1.0,0.0,0.061621370235001,995.862964367852
1668396416.0578337,16160.49,-0.5100000000002183,8.54314543,1.051449269999999,0.0,1.0,0.0,0.061621370235001,995.8315374690312
1668396476.0570974,16169.96,9.469999999999343,10.72127,2.1781245700000014,0.0,1.0,0.0,0.061621370235001,996.4150918451568
1668396535.9294894,16159.83,-10.1299999999992,10.33694594,-0.3843240600000008,1.0,0.0,995.7908673646762,0.0,995.7908673646762
1668396595.8155236,16166.45,6.6200000000008,10.53059832,0.1936523799999996,0.0,1.0,0.0,0.0615961368986188,995.7908673646762
1668396655.9233296,16164.88,-1.570000000001528,10.68785789,0.1572595700000008,0.0,1.0,0.0,0.0615961368986188,995.694161429745
1668396716.0403335,16185.2,20.320000000001528,12.73410596,2.0462480700000008,0.0,1.0,0.0,0.0615961368986188,996.945794931525
1668396775.8320792,16176.44,-8.760000000000218,12.43893797,-0.2951679900000012,1.0,0.0,996.4062127722932,0.0,996.4062127722932
1668396835.935192,16186.0,9.55999999999949,13.87931428,1.4403763099999995,0.0,1.0,0.0,0.0615597561332196,996.4062127722932
1668396895.8802783,16184.63,-1.3700000000008004,13.95448677,0.0751724900000017,0.0,1.0,0.0,0.0615597561332196,996.32187590639
1668396955.8234508,16185.0,0.3700000000008003,14.13803435,0.183547579999999,0.0,1.0,0.0,0.0615597561332196,996.3446530161592
1668397016.1625173,16169.33,-15.670000000000073,12.10120908,-2.03682527,1.0,0.0,995.3800116375515,0.0,995.3800116375515
1668397076.1590807,16178.79,9.460000000000946,12.74570599,0.6444969099999991,0.0,1.0,0.0,0.0615237611488591,995.3800116375515
1668397136.1466863,16171.67,-7.1200000000008,11.36068356,-1.3850224299999994,1.0,0.0,994.9419624581702,0.0,994.9419624581702
1668397195.7350345,16169.55,-2.1200000000008004,10.75564879,-0.6050347699999996,1.0,0.0,994.9419624581702,0.0,994.9419624581702
1668397255.7896566,16166.84,-2.709999999999127,9.26334993,-1.49229886,1.0,0.0,994.9419624581702,0.0,994.9419624581702
1668397315.9815185,16174.0,7.159999999999855,8.72842139,-0.534928540000001,1.0,0.0,994.9419624581702,0.0,994.9419624581702
1668397375.9329238,16169.67,-4.329999999999927,7.56131072,-1.1671106699999996,1.0,0.0,994.9419624581702,0.0,994.9419624581702
1668397435.8756554,16161.77,-7.899999999999636,6.15540592,-1.4059048,1.0,0.0,994.9419624581702,0.0,994.9419624581702
1668397495.876521,16153.07,-8.700000000000728,3.97367695,-2.1817289699999995,1.0,0.0,994.9419624581702,0.0,994.9419624581702
1668397555.9721837,16161.85,8.780000000000655,3.65325852,-0.3204184300000001,1.0,0.0,994.9419624581702,0.0,994.9419624581702
1668397615.9453387,16157.32,-4.530000000000655,2.30692396,-1.3463345599999998,1.0,0.0,994.9419624581702,0.0,994.9419624581702
1668397675.9968123,16175.99,18.67000000000008,3.83021757,1.5232936099999996,0.0,1.0,0.0,0.06150733046065,994.9419624581702
1668397735.723143,16186.0,10.010000000000218,5.45387362,1.6236560500000006,0.0,1.0,0.0,0.06150733046065,995.5576508360808
1668397796.0431902,16196.94,10.94000000000051,7.05325871,1.5993850899999993,0.0,1.0,0.0,0.06150733046065,996.2305410313204
1668397856.1061888,16184.85,-12.090000000000146,6.83825453,-0.2150041799999993,1.0,0.0,995.4869174060512,0.0,995.4869174060512
1668397916.0715172,16177.43,-7.420000000000073,6.25306426,-0.58519027,1.0,0.0,995.4869174060512,0.0,995.4869174060512
1668397975.7972038,16147.79,-29.63999999999941,2.42703497,-3.8260292900000006,1.0,0.0,995.4869174060512,0.0,995.4869174060512
1668398035.8900695,16151.44,3.649999999999636,1.34445258,-1.0825823899999998,1.0,0.0,995.4869174060512,0.0,995.4869174060512
1668398095.9841554,16150.2,-1.2399999999997815,-0.0452371,-1.38968968,1.0,0.0,995.4869174060512,0.0,995.4869174060512
1668398155.9121747,16140.26,-9.94000000000051,-1.93547827,-1.89024117,1.0,0.0,995.4869174060512,0.0,995.4869174060512
1668398216.2650497,16148.13,7.869999999998981,-3.14811126,-1.21263299,1.0,0.0,995.4869174060512,0.0,995.4869174060512
1668398275.9389231,16147.96,-0.1700000000000727,-3.64679822,-0.4986869600000001,1.0,0.0,995.4869174060512,0.0,995.4869174060512
1668398336.0225194,16129.52,-18.43999999999869,-6.06284755,-2.41604933,1.0,0.0,995.4869174060512,0.0,995.4869174060512
1668398395.9830794,16144.7,15.180000000000293,-5.77360448,0.2892430699999995,0.0,1.0,0.0,0.0616602920714569,995.4869174060512
1668398455.9093418,16135.36,-9.340000000000146,-6.94054526,-1.16694078,1.0,0.0,994.9110102781028,0.0,994.9110102781028
1668398515.8995533,16145.63,10.269999999998618,-6.33547771,0.6050675500000002,0.0,1.0,0.0,0.0616210708580651,994.9110102781028
1668398576.056187,16139.47,-6.159999999999855,-6.98923348,-0.6537557700000001,1.0,0.0,994.531424481616,0.0,994.531424481616
1668398636.680522,16140.72,1.25,-6.68008739,0.3091460900000005,0.0,1.0,0.0,0.0616162986831824,994.531424481616
1668398695.9216542,16123.7,-17.019999999998618,-9.00111068,-2.3210232900000003,1.0,0.0,993.482715078028,0.0,993.482715078028
1668398756.0525014,16127.9,4.199999999998909,-9.09673534,-0.0956246600000003,1.0,0.0,993.482715078028,0.0,993.482715078028
1668398815.8131928,16127.44,-0.4599999999991269,-9.29112527,-0.1943899299999998,1.0,0.0,993.482715078028,0.0,993.482715078028
1668398876.0815876,16114.2,-13.239999999999782,-10.38715297,-1.0960277000000005,1.0,0.0,993.482715078028,0.0,993.482715078028
1668398936.058301,16111.98,-2.220000000001164,-11.36156057,-0.9744075999999992,1.0,0.0,993.482715078028,0.0,993.482715078028
1668398995.996147,16105.75,-6.229999999999563,-12.47287997,-1.1113193999999993,1.0,0.0,993.482715078028,0.0,993.482715078028
1668399056.6545186,16093.44,-12.30999999999949,-14.11791421,-1.645034240000001,1.0,0.0,993.482715078028,0.0,993.482715078028
1668399115.8617165,16108.01,14.569999999999707,-14.30298525,-0.1850710400000004,1.0,0.0,993.482715078028,0.0,993.482715078028
1668399176.031159,16102.37,-5.639999999999418,-14.49838749,-0.1954022399999999,1.0,0.0,993.482715078028,0.0,993.482715078028
1668399235.961926,16103.33,0.9599999999991268,-14.37740978,0.12097771,0.0,1.0,0.0,0.0616942405749635,993.482715078028
1668399296.093933,16097.0,-6.329999999999927,-14.93318403,-0.5557742499999989,1.0,0.0,993.0921905351876,0.0,993.0921905351876
1668399355.9499362,16085.83,-11.170000000000073,-16.29585932,-1.362675290000002,1.0,0.0,993.0921905351876,0.0,993.0921905351876
1668399415.8315265,16077.23,-8.600000000000364,-18.33501522,-2.039155899999997,1.0,0.0,993.0921905351876,0.0,993.0921905351876
1668399475.8943152,16043.57,-33.659999999999854,-22.95429041,-4.61927519,1.0,0.0,993.0921905351876,0.0,993.0921905351876
1668399536.1514585,16029.16,-14.409999999999854,-26.33313176,-3.378841350000002,1.0,0.0,993.0921905351876,0.0,993.0921905351876
1668399596.0280986,15977.2,-51.95999999999913,-35.89970496,-9.5665732,1.0,0.0,993.0921905351876,0.0,993.0921905351876
1668399656.0800085,15941.91,-35.29000000000087,-45.95306177,-10.053356809999997,1.0,0.0,993.0921905351876,0.0,993.0921905351876
1668399716.0606272,15960.0,18.090000000000146,-48.93680904,-2.983747270000002,1.0,0.0,993.0921905351876,0.0,993.0921905351876
1668399776.1123476,15972.14,12.139999999999418,-48.59358102,0.3432280199999979,0.0,1.0,0.0,0.0621765267857148,993.0921905351876
1668399836.195001,15949.27,-22.86999999999898,-50.15480283,-1.5612218099999993,1.0,0.0,991.6702133675976,0.0,991.6702133675976
1668399896.1065211,15985.0,35.72999999999956,-46.48365496,3.671147869999999,0.0,1.0,0.0,0.0620375485372285,991.6702133675976
1668399956.8984206,15997.81,12.80999999999949,-43.6155328,2.8681221600000057,0.0,1.0,0.0,0.0620375485372285,992.4649143643596
1668400015.9933753,15971.0,-26.80999999999949,-43.66942635,-0.053893550000005,1.0,0.0,990.8016876880764,0.0,990.8016876880764
1668400075.9736583,15980.66,9.659999999999854,-41.53535244,2.134073910000005,0.0,1.0,0.0,0.0620000480385714,990.8016876880764
1668400135.990374,15965.55,-15.110000000000582,-42.40744992,-0.8720974800000008,1.0,0.0,989.8648669622136,0.0,989.8648669622136
1668400196.0813804,15965.58,0.0300000000006548,-40.86002376,1.5474261600000006,0.0,1.0,0.0,0.0619999315378591,989.8648669622136
1668400255.9423244,15955.39,-10.19000000000051,-41.28762399,-0.427600230000003,1.0,0.0,989.2330876598415,0.0,989.2330876598415
1668400316.1250992,15990.62,35.23000000000138,-35.37982558,5.907798409999998,0.0,1.0,0.0,0.0618633353590943,989.2330876598415
1668400376.0420482,16000.94,10.319999999999707,-30.79565016,4.584175420000001,0.0,1.0,0.0,0.0618633353590943,989.8715172807464
1668400436.6718676,16010.37,9.430000000000293,-25.85298845,4.942661709999999,0.0,1.0,0.0,0.0618633353590943,990.4548885331828
1668400496.1734707,16012.57,2.1999999999989086,-21.4910815,4.361906950000002,0.0,1.0,0.0,0.0618633353590943,990.5909878709726
1668400555.978753,16005.0,-7.569999999999709,-19.19156846,2.299513040000001,0.0,1.0,0.0,0.0618633353590943,990.1226824223044
1668400615.9887457,15985.76,-19.23999999999978,-18.72104713,0.4705213300000004,0.0,1.0,0.0,0.0618633353590943,988.9324318499952
1668400676.078569,15977.28,-8.479999999999563,-18.84258363,-0.1215365000000012,1.0,0.0,988.4078307661504,0.0,988.4078307661504
1668400735.988523,15959.0,-18.28000000000065,-20.03671585,-1.1941322200000002,1.0,0.0,988.4078307661504,0.0,988.4078307661504
1668400796.225203,15965.69,6.690000000000509,-19.89471459,0.1420012600000006,0.0,1.0,0.0,0.0619082439134262,988.4078307661504
1668400855.9995866,15950.02,-15.670000000000073,-21.20230357,-1.307588980000002,1.0,0.0,987.437728584026,0.0,987.437728584026
1668400917.3326263,15968.83,18.80999999999949,-19.73558943,1.4667141400000006,0.0,1.0,0.0,0.0618353209711685,987.437728584026
1668400976.1045778,15929.43,-39.39999999999964,-22.57978136,-2.8441919299999974,1.0,0.0,985.0014169377606,0.0,985.0014169377606
1668401035.983435,15916.44,-12.989999999999782,-28.12717703,-5.54739567,1.0,0.0,985.0014169377606,0.0,985.0014169377606
1668401096.0648694,15907.65,-8.790000000000873,-30.29882052,-2.171643490000001,1.0,0.0,985.0014169377606,0.0,985.0014169377606
1668401156.0917077,15904.39,-3.2600000000002183,-31.2654817,-0.9666611799999992,1.0,0.0,985.0014169377606,0.0,985.0014169377606
1668401216.0600815,15914.0,9.610000000000582,-31.21575966,0.0497220399999989,0.0,1.0,0.0,0.061895275665311,985.0014169377606
1668401276.0041842,15927.31,13.30999999999949,-29.10231653,2.1134431300000003,0.0,1.0,0.0,0.061895275665311,985.8252430568646
1668401335.9706905,15939.4,12.090000000000146,-26.96708134,2.1352351899999995,0.0,1.0,0.0,0.061895275665311,986.573556939658
1668401397.3504689,15949.61,10.210000000000946,-23.71268991,3.2543914299999983,0.0,1.0,0.0,0.061895275665311,987.2055077042012
1668401456.0817738,15951.0,1.389999999999418,-20.67069747,3.0419924400000014,0.0,1.0,0.0,0.061895275665311,987.2915421373758
1668401516.0626557,15945.42,-5.579999999999927,-19.25589907,1.414798399999999,0.0,1.0,0.0,0.061895275665311,986.9461664991634
1668401576.0286784,15943.96,-1.460000000000946,-17.29195122,1.9639478500000005,0.0,1.0,0.0,0.061895275665311,986.855799396692
1668401636.7303677,15942.98,-0.9799999999995634,-15.85921118,1.4327400400000003,0.0,1.0,0.0,0.061895275665311,986.79514202654
1668401696.0514755,15949.03,6.050000000001091,-14.31649152,1.5427196600000013,0.0,1.0,0.0,0.061895275665311,987.1696084443151
1668401756.1587038,15968.7,19.67000000000008,-10.80581994,3.5106715800000003,0.0,1.0,0.0,0.061895275665311,988.3870885166518
1668401816.1045578,15974.4,5.699999999998909,-7.56218535,3.243634589999999,0.0,1.0,0.0,0.061895275665311,988.739891587944
1668401877.3792078,15970.36,-4.039999999999054,-5.85544452,1.7067408300000002,0.0,1.0,0.0,0.061895275665311,988.4898346742564
1668401936.0202892,15988.39,18.02999999999884,-1.38075744,4.47468708,0.0,1.0,0.0,0.061895275665311,989.6058064945016
1668401996.0760286,15991.81,3.4200000000000728,0.94437591,2.32513335,0.0,1.0,0.0,0.061895275665311,989.817488337277
1668402056.038154,15983.68,-8.1299999999992,2.01574865,1.07137274,0.0,1.0,0.0,0.061895275665311,989.314279746118
1668402115.9416564,15980.36,-3.319999999999709,2.98765685,0.9719082,0.0,1.0,0.0,0.061895275665311,989.1087874309094
1668402175.9334257,15988.53,8.170000000000073,4.32890513,1.3412482799999998,0.0,1.0,0.0,0.061895275665311,989.614471833095
1668402236.1061494,15993.0,4.469999999999345,5.71610756,1.3872024300000003,0.0,1.0,0.0,0.061895275665311,989.8911437153188
1668402296.2523556,15996.8,3.799999999999272,7.15334833,1.4372407699999998,0.0,1.0,0.0,0.061895275665311,990.126345762847
1668402356.8033805,15985.95,-10.849999999998545,6.44712715,-0.70622118,1.0,0.0,989.4547820218784,0.0,989.4547820218784
1668402416.196165,15982.63,-3.320000000001528,6.14728213,-0.2998450200000002,1.0,0.0,989.4547820218784,0.0,989.4547820218784
1668402476.1708355,15976.86,-5.769999999998618,4.94770677,-1.19957536,1.0,0.0,989.4547820218784,0.0,989.4547820218784
1668402536.3438373,15995.36,18.5,6.03530385,1.08759708,0.0,1.0,0.0,0.0618588629466219,989.4547820218784
1668402596.0867617,15997.03,1.6700000000000728,7.25474607,1.2194422200000004,0.0,1.0,0.0,0.0618588629466219,989.558086322999
1668402656.002823,15995.15,-1.8800000000010184,7.49491358,0.24016751,0.0,1.0,0.0,0.0618588629466219,989.4417916606592
1668402716.2549753,15988.75,-6.399999999999636,6.59984316,-0.8950704200000006,1.0,0.0,989.0458949378008,0.0,989.0458949378008
1668402776.123158,15976.21,-12.540000000000871,5.06784187,-1.5320012900000002,1.0,0.0,989.0458949378008,0.0,989.0458949378008
1668402836.7806497,15986.84,10.63000000000102,5.71576912,0.6479272500000004,0.0,1.0,0.0,0.0618662534270563,989.0458949378008
1668402896.2005515,15974.09,-12.75,3.7772527,-1.93851642,1.0,0.0,988.257100206606,0.0,988.257100206606
1668402956.3000207,15979.7,5.610000000000582,3.41735756,-0.3598951399999999,1.0,0.0,988.257100206606,0.0,988.257100206606
1668403016.0586426,15974.11,-5.5900000000001455,2.15223822,-1.26511934,1.0,0.0,988.257100206606,0.0,988.257100206606
1668403076.0813184,15982.51,8.399999999999636,2.18528286,0.0330446399999999,0.0,1.0,0.0,0.0618336606832472,988.257100206606
1668403136.013624,15993.26,10.75,3.06958913,0.8843062700000002,0.0,1.0,0.0,0.0618336606832472,988.92181205895
1668403196.0519714,16004.0,10.739999999999782,4.91196281,1.84237368,0.0,1.0,0.0,0.0618336606832472,989.5859055746882
1668403256.158698,15998.03,-5.969999999999345,4.87733683,-0.0346259800000003,1.0,0.0,989.2167586204092,0.0,989.2167586204092
1668403317.2582946,16002.55,4.519999999998618,6.09122231,1.21388548,0.0,1.0,0.0,0.0618161954576245,989.2167586204092
1668403376.067721,15987.75,-14.799999999999272,5.42914636,-0.6620759500000002,1.0,0.0,988.301878927636,0.0,988.301878927636
1668403436.3553076,16001.63,13.8799999999992,6.10916321,0.6800168500000003,0.0,1.0,0.0,0.0617625753706113,988.301878927636
1668403496.1041677,15997.52,-4.109999999998763,5.89419127,-0.2149719399999998,1.0,0.0,988.0480347428615,0.0,988.0480347428615
1668403556.3798988,15988.7,-8.819999999999709,4.51130501,-1.3828862600000005,1.0,0.0,988.0480347428615,0.0,988.0480347428615
1668403616.1159277,15977.43,-11.270000000000437,2.74917313,-1.76213188,1.0,0.0,988.0480347428615,0.0,988.0480347428615
1668403676.1876876,15971.68,-5.75,1.42420744,-1.32496569,1.0,0.0,988.0480347428615,0.0,988.0480347428615
1668403736.056865,15969.32,-2.360000000000582,-0.51006696,-1.9342744,1.0,0.0,988.0480347428615,0.0,988.0480347428615
1668403796.4800289,15940.33,-28.98999999999978,-4.19778916,-3.6877222,1.0,0.0,988.0480347428615,0.0,988.0480347428615
1668403856.24457,15941.76,1.430000000000291,-6.1531948,-1.9554056399999995,1.0,0.0,988.0480347428615,0.0,988.0480347428615
1668403916.1737216,15956.51,14.75,-6.75138153,-0.5981867300000001,1.0,0.0,988.0480347428615,0.0,988.0480347428615
1668403976.1180692,15959.47,2.959999999999127,-6.92962744,-0.1782459100000002,1.0,0.0,988.0480347428615,0.0,988.0480347428615
1668404036.3878691,15951.2,-8.269999999998618,-7.7869363,-0.8573088599999998,1.0,0.0,988.0480347428615,0.0,988.0480347428615
1668404096.5020938,15923.24,-27.960000000000942,-10.91569499,-3.1287586900000006,1.0,0.0,988.0480347428615,0.0,988.0480347428615
1668404156.0582032,15917.85,-5.389999999999418,-13.24916531,-2.33347032,1.0,0.0,988.0480347428615,0.0,988.0480347428615
1668404216.304355,15934.24,16.389999999999418,-14.97736066,-1.72819535,1.0,0.0,988.0480347428615,0.0,988.0480347428615
1668404276.1203325,15943.12,8.880000000001019,-14.03946991,0.9378907500000012,0.0,1.0,0.0,0.0619733173144818,988.0480347428615
1668404336.087866,15951.91,8.789999999999054,-13.05907104,0.98039887,0.0,1.0,0.0,0.0619733173144818,988.5927802020552
1668404396.1109514,15938.0,-13.909999999999854,-12.94431989,0.11475115,0.0,1.0,0.0,0.0619733173144818,987.730731358211
1668404456.4050548,15920.71,-17.290000000000873,-14.26357071,-1.3192508200000006,1.0,0.0,986.6592127018436,0.0,986.6592127018436
1668404516.3797112,15898.18,-22.52999999999884,-16.9988702,-2.735299489999999,1.0,0.0,986.6592127018436,0.0,986.6592127018436
1668404576.408552,15878.14,-20.04000000000088,-20.66756647,-3.6686962700000016,1.0,0.0,986.6592127018436,0.0,986.6592127018436
1668404636.2187688,15882.0,3.860000000000582,-21.94772981,-1.280163339999998,1.0,0.0,986.6592127018436,0.0,986.6592127018436
1668404696.1537416,15874.39,-7.610000000000582,-25.99793617,-4.050206360000001,1.0,0.0,986.6592127018436,0.0,986.6592127018436
1668404756.237466,15893.23,18.840000000000146,-25.45822064,0.5397155299999987,0.0,1.0,0.0,0.062080471540514,986.6592127018436
1668404816.286188,15832.07,-61.159999999999854,-31.15453103,-5.696310390000001,1.0,0.0,982.8623710624256,0.0,982.8623710624256
1668404876.4365025,15845.46,13.389999999999418,-32.3780133,-1.223482269999998,1.0,0.0,982.8623710624256,0.0,982.8623710624256
1668404936.2452583,15886.23,40.77000000000044,-28.93738908,3.44062422,0.0,1.0,0.0,0.0618688241994749,982.8623710624256
1668404996.1284077,15876.0,-10.229999999999563,-28.18626314,0.7511259399999979,0.0,1.0,0.0,0.0618688241994749,982.2294529908636
1668405056.0776188,15889.34,13.340000000000146,-25.5693634,2.616899740000001,0.0,1.0,0.0,0.0618688241994749,983.0547831056844
1668405116.9958832,15894.96,5.619999999998981,-22.91309962,2.65626378,0.0,1.0,0.0,0.0618688241994749,983.4024858976854
1668405176.2886326,15890.47,-4.489999999999782,-20.79162972,2.121469900000001,0.0,1.0,0.0,0.0618688241994749,983.1246948770298
1668405236.6342993,15896.0,5.530000000000655,-17.801113,2.9905167199999987,0.0,1.0,0.0,0.0618688241994749,983.466829474853
1668405296.4670491,15894.93,-1.069999999999709,-15.96741629,1.8336967100000017,0.0,1.0,0.0,0.0618688241994749,983.4006298329596
1668405356.3055303,15868.61,-26.31999999999971,-17.12644237,-1.1590260800000003,1.0,0.0,981.7722423800294,0.0,981.7722423800294
1668405416.2764227,15858.93,-9.680000000000293,-17.79462483,-0.6681824600000006,1.0,0.0,981.7722423800294,0.0,981.7722423800294
1668405476.2909696,15856.66,-2.270000000000437,-18.41836213,-0.6237372999999984,1.0,0.0,981.7722423800294,0.0,981.7722423800294
1668405536.1158905,15866.54,9.88000000000102,-18.15049922,0.267862909999998,0.0,1.0,0.0,0.0618768958058927,981.7722423800294
1668405596.7559748,15869.58,3.039999999999054,-17.16997822,0.9805209999999996,0.0,1.0,0.0,0.0618768958058927,981.9603481432788
1668405656.2120085,15850.54,-19.03999999999905,-18.19300109,-1.0230228699999984,1.0,0.0,980.7822120471344,0.0,980.7822120471344
1668405716.363954,15894.53,43.98999999999978,-12.93434142,5.258659669999998,0.0,1.0,0.0,0.0617056441459504,980.7822120471344
1668405776.2892616,15897.99,3.459999999999127,-10.43617646,2.4981649600000004,0.0,1.0,0.0,0.0617056441459504,980.995713575878
1668405836.4260848,15892.0,-5.989999999999782,-9.04504974,1.3911267200000008,0.0,1.0,0.0,0.0617056441459504,980.6260967674438
1668405896.2994792,15904.94,12.94000000000051,-5.763816,3.28123374,0.0,1.0,0.0,0.0617056441459504,981.4245678026924
1668405956.371747,15906.1,1.1599999999998545,-3.53720417,2.2266118300000004,0.0,1.0,0.0,0.0617056441459504,981.4961463499016
1668406016.2663412,15904.37,-1.7299999999995634,-1.96055966,1.57664451,0.0,1.0,0.0,0.0617056441459504,981.3893955855292
1668406076.3031,15909.61,5.239999999999782,-0.60357328,1.35698638,0.0,1.0,0.0,0.0617056441459504,981.712733160854
1668406136.385522,15903.49,-6.1200000000008,-0.91834957,-0.3147762899999999,1.0,0.0,981.3350946186808,0.0,981.3350946186808
1668406196.2341888,15935.79,32.30000000000109,2.94264718,3.86099675,0.0,1.0,0.0,0.0615805739545187,981.3350946186808
1668406256.156971,15928.75,-7.040000000000873,4.35729573,1.41464855,0.0,1.0,0.0,0.0615805739545187,980.9015673780398
1668406316.264095,15927.16,-1.5900000000001455,5.99916444,1.641868710000001,0.0,1.0,0.0,0.0615805739545187,980.803654265452
1668406376.44543,15910.34,-16.81999999999971,4.80308641,-1.196078030000001,1.0,0.0,979.7678690115372,0.0,979.7678690115372
1668406436.528303,15888.34,-22.0,2.20691069,-2.59617572,1.0,0.0,979.7678690115372,0.0,979.7678690115372
1668406496.50435,15892.81,4.469999999999345,1.17396385,-1.03294684,1.0,0.0,979.7678690115372,0.0,979.7678690115372
1668406556.44782,15901.96,9.149999999999636,1.32972266,0.15575881,0.0,1.0,0.0,0.0616130256277551,979.7678690115372
1668406617.3248427,15910.45,8.4900000000016,2.08156759,0.7518449300000001,0.0,1.0,0.0,0.0616130256277551,980.290963599116
1668406677.4480138,15925.35,14.899999999999636,3.88617009,1.8046025,0.0,1.0,0.0,0.0616130256277551,981.2089976809696
1668406737.3270442,15949.91,24.55999999999949,7.97127583,4.08510574,0.0,1.0,0.0,0.0616130256277551,982.7222135903874
1668406798.2194514,15939.08,-10.829999999999927,8.71107438,0.7397985499999997,0.0,1.0,0.0,0.0616130256277551,982.0549445228388
1668406858.1771562,15917.99,-21.090000000000146,7.06406166,-1.647012719999999,1.0,0.0,980.7555258123492,0.0,980.7555258123492
1668406918.2392366,15936.0,18.01000000000022,9.20754779,2.1434861299999994,0.0,1.0,0.0,0.0615433939390279,980.7555258123492
1668406978.9395714,15924.01,-11.989999999999782,7.8244165,-1.3831312899999997,1.0,0.0,980.0176205190196,0.0,980.0176205190196
1668407039.724994,15927.57,3.5599999999994907,8.27303633,0.4486198300000001,0.0,1.0,0.0,0.0615296382636535,980.0176205190196
1668407098.9283657,15944.48,16.909999999999854,9.59512175,1.3220854200000005,0.0,1.0,0.0,0.0615296382636535,981.058086702058
1668407159.878378,15944.72,0.2399999999997817,10.92841924,1.3332974899999996,0.0,1.0,0.0,0.0615296382636535,981.0728538152412
1668407219.7216406,15937.25,-7.469999999999345,10.85539093,-0.0730283099999997,1.0,0.0,980.6132274174116,0.0,980.6132274174116
1668407279.8121948,15952.76,15.510000000000218,12.17129108,1.3159001499999992,0.0,1.0,0.0,0.0614698163463508,980.6132274174116
1668407340.633214,15954.06,1.2999999999992724,12.42150211,0.2502110300000009,0.0,1.0,0.0,0.0614698163463508,980.6931381786612
1668407400.5195923,15957.0,2.9400000000005093,13.30047412,0.87897201,0.0,1.0,0.0,0.0614698163463508,980.8738594387196
1668407460.9809134,15963.68,6.680000000000291,14.43132068,1.1308465600000002,0.0,1.0,0.0,0.0614698163463508,981.2844778119132
1668407521.2677803,15957.96,-5.720000000001164,14.16768508,-0.2636356000000006,1.0,0.0,980.932870462412,0.0,980.932870462412
1668407581.8449414,15952.41,-5.549999999999272,13.61123168,-0.5564534000000005,1.0,0.0,980.932870462412,0.0,980.932870462412
1668407641.3039658,15963.51,11.100000000000364,14.42411831,0.8128866300000013,0.0,1.0,0.0,0.0614484452643818,980.932870462412
1668407702.410973,15970.0,6.489999999999782,15.09493445,0.6708161399999995,0.0,1.0,0.0,0.0614484452643818,981.3316708721774
1668407762.4750605,15964.43,-5.569999999999709,14.7533908,-0.3415436500000002,1.0,0.0,980.9894030320548,0.0,980.9894030320548
1668407822.3364909,15976.31,11.8799999999992,15.09646803,0.3430772300000004,0.0,1.0,0.0,0.0614027521393898,980.9894030320548
1668407883.195389,15976.95,0.6400000000012369,15.8385137,0.7420456699999995,0.0,1.0,0.0,0.0614027521393898,981.028700793424
1668407943.175878,15976.9,-0.0500000000010913,15.58109116,-0.2574225400000003,1.0,0.0,981.0256306558168,0.0,981.0256306558168
1668408003.233282,15985.22,8.319999999999709,16.94840991,1.367318749999999,0.0,1.0,0.0,0.0613707931861943,981.0256306558168
1668408064.1302178,15994.95,9.730000000001382,18.13972876,1.1913188500000018,0.0,1.0,0.0,0.0613707931861943,981.6227684735186
1668408124.766214,16106.4,111.44999999999892,29.56532039,11.42559163,0.0,1.0,0.0,0.0613707931861943,988.46254337412
1668408184.0617864,16252.38,145.97999999999956,53.7408667,24.17554631,0.0,1.0,0.0,0.0613707931861943,997.4214517634404
1668408245.5509603,16356.9,104.52000000000044,73.61126411,19.870397409999995,0.0,1.0,0.0,0.0613707931861943,1003.8359270672617
1668408305.3689878,16437.78,80.8799999999992,103.80279125,30.191527140000005,0.0,1.0,0.0,0.0613707931861943,1008.7995968201608
1668408365.3938158,16426.0,-11.779999999998836,113.88844574,10.085654489999996,0.0,1.0,0.0,0.0613707931861943,1008.0766488764276
1668408426.372279,16331.45,-94.54999999999929,110.74271462,-3.1457311199999936,1.0,0.0,1002.274040380673,0.0,1002.274040380673
1668408486.3368714,16322.0,-9.450000000000728,109.5333739,-1.20934072,1.0,0.0,1002.274040380673,0.0,1002.274040380673
1668408546.187405,16334.67,12.670000000000073,112.13586811,2.6024942100000032,0.0,1.0,0.0,0.0613586953627268,1002.274040380673
1668408608.8330252,16354.85,20.18000000000029,112.26820823,0.1323401199999949,0.0,1.0,0.0,0.0613586953627268,1003.5122588530924
1668408667.1601791,16402.28,47.42999999999847,118.49045322,6.222244990000007,0.0,1.0,0.0,0.0613586953627268,1006.4225017741464
1668408727.0618117,16398.62,-3.659999999999856,116.92643606,-1.564017160000006,1.0,0.0,1006.1979289491188,0.0,1006.1979289491188
1668408787.8426628,16529.27,130.65000000000146,131.43684205,14.510405989999995,0.0,1.0,0.0,0.0608737063977488,1006.1979289491188
1668408848.1331606,16507.47,-21.799999999999272,132.98016467,1.543322619999998,0.0,1.0,0.0,0.0608737063977488,1004.8708821496464
1668408907.7545986,16489.46,-18.010000000002037,133.04735362,0.067188950000002,0.0,1.0,0.0,0.0608737063977488,1003.7745466974228
1668408968.9600918,16467.41,-22.049999999999272,128.37014101,-4.677212609999998,1.0,0.0,1002.4322814713526,0.0,1002.4322814713526
1668409028.749921,16496.05,28.63999999999941,125.67392859,-2.696212419999995,1.0,0.0,1002.4322814713526,0.0,1002.4322814713526
1668409089.2143407,16513.66,17.610000000000582,125.19011418,-0.4838144100000079,1.0,0.0,1002.4322814713526,0.0,1002.4322814713526
1668409149.5773163,16546.2,32.54000000000087,124.72764662,-0.4624675599999932,1.0,0.0,1002.4322814713526,0.0,1002.4322814713526
1668409209.5103178,16701.39,155.1899999999987,140.9698114,16.242164779999996,0.0,1.0,0.0,0.0600208893673731,1002.4322814713526
1668409269.444014,16594.21,-107.18000000000028,134.2711734,-6.698637999999988,1.0,0.0,995.9992425489564,0.0,995.9992425489564
1668409330.2648056,16558.33,-35.87999999999738,128.82689519,-5.4442782100000215,1.0,0.0,995.9992425489564,0.0,995.9992425489564
1668409390.4866192,16577.45,19.11999999999898,124.02307155,-4.80382363999999,1.0,0.0,995.9992425489564,0.0,995.9992425489564
1668409450.326226,16539.32,-38.13000000000102,117.06469046,-6.958381090000003,1.0,0.0,995.9992425489564,0.0,995.9992425489564
1668409511.3395443,16533.62,-5.700000000000728,109.08656561,-7.97812485,1.0,0.0,995.9992425489564,0.0,995.9992425489564
1668409571.175625,16548.59,14.970000000001164,105.23686439,-3.84970122,1.0,0.0,995.9992425489564,0.0,995.9992425489564
1668409631.923705,16510.49,-38.09999999999855,86.01555895,-19.221305439999995,1.0,0.0,995.9992425489564,0.0,995.9992425489564
1668409692.0379295,16511.91,1.4199999999982538,78.58410735,-7.431451600000003,1.0,0.0,995.9992425489564,0.0,995.9992425489564
1668409752.081838,16521.22,9.31000000000131,73.0935351,-5.49057225,1.0,0.0,995.9992425489564,0.0,995.9992425489564
1668409812.1249194,16508.15,-13.069999999999707,65.38461448,-7.708920620000001,1.0,0.0,995.9992425489564,0.0,995.9992425489564
1668409872.9211452,16528.71,20.55999999999767,62.49391325,-2.8907012299999977,1.0,0.0,995.9992425489564,0.0,995.9992425489564
1668409932.8581986,16467.96,-60.75,49.61980192,-12.874111329999998,1.0,0.0,995.9992425489564,0.0,995.9992425489564
1668409992.7979996,16509.8,41.84000000000015,48.67923035,-0.940571570000003,1.0,0.0,995.9992425489564,0.0,995.9992425489564
1668410054.0706477,16522.35,12.549999999999272,46.54668669,-2.132543659999996,1.0,0.0,995.9992425489564,0.0,995.9992425489564
1668410114.1903071,16503.29,-19.05999999999767,40.79834079,-5.748345900000004,1.0,0.0,995.9992425489564,0.0,995.9992425489564
1668410174.7366776,16479.63,-23.65999999999985,33.7456909,-7.052649889999998,1.0,0.0,995.9992425489564,0.0,995.9992425489564
1668410234.9451375,16436.4,-43.22999999999956,23.20318182,-10.54250908,1.0,0.0,995.9992425489564,0.0,995.9992425489564
1668410294.9314077,16434.25,-2.150000000001455,16.99496601,-6.208215810000002,1.0,0.0,995.9992425489564,0.0,995.9992425489564
1668410354.9774375,16408.26,-25.9900000000016,8.54422971,-8.450736299999999,1.0,0.0,995.9992425489564,0.0,995.9992425489564
1668410415.70372,16387.51,-20.75,0.56164304,-7.98258667,1.0,0.0,995.9992425489564,0.0,995.9992425489564
1668410475.7796636,16447.98,60.47000000000117,4.03550929,3.4738662500000004,0.0,1.0,0.0,0.0605545022883634,995.9992425489564
1668410535.7597108,16462.66,14.680000000000293,4.9368546,0.90134531,0.0,1.0,0.0,0.0605545022883634,996.8881826425486
1668410596.5321257,16462.7,0.0400000000008731,4.80962587,-0.1272287300000005,1.0,0.0,996.8906048226402,0.0,996.8906048226402
1668410656.5520546,16484.16,21.459999999999127,7.72968245,2.9200565800000007,0.0,1.0,0.0,0.0604756690557869,996.8906048226402
1668410716.3986845,16532.82,48.659999999999854,15.35747401,7.62779156,0.0,1.0,0.0,0.0604756690557869,999.8333508788947
1668410777.5610857,16566.38,33.56000000000131,22.85723852,7.4997645099999986,0.0,1.0,0.0,0.0604756690557869,1001.8629143324072
1668410837.45086,16636.62,70.23999999999796,36.30945016,13.452211639999998,0.0,1.0,0.0,0.0604756690557869,1006.1107253268854
1668410897.713957,16691.44,54.81999999999971,49.79405158,13.484601420000004,0.0,1.0,0.0,0.0604756690557869,1009.4260015045236
1668410958.3036294,16703.05,11.610000000000582,57.94116714,8.147115559999996,0.0,1.0,0.0,0.0604756690557869,1010.1281240222612
1668411018.448555,16764.86,61.81000000000131,71.78775938,13.84659224,0.0,1.0,0.0,0.0604756690557869,1013.8661251265996
1668411078.2888842,16785.15,20.29000000000088,80.7770366,8.989277220000005,0.0,1.0,0.0,0.0604756690557869,1015.0931764517416
1668411138.9146764,16756.73,-28.42000000000189,81.61374493,0.8367083299999933,0.0,1.0,0.0,0.0604756690557869,1013.374457937176
1668411199.2317398,16716.67,-40.06000000000131,77.45246876,-4.161276169999994,1.0,0.0,1010.9518026348012,0.0,1010.9518026348012
1668411258.8382866,16736.4,19.7300000000032,78.74279815,1.2903293899999966,0.0,1.0,0.0,0.0604043762478669,1010.9518026348012
1668411319.923249,16715.7,-20.700000000000728,74.72147881,-4.021319340000005,1.0,0.0,1009.7014320464688,0.0,1009.7014320464688
1668411379.8847404,16781.56,65.86000000000058,81.15384506,6.432366250000001,0.0,1.0,0.0,0.0601673165096968,1009.7014320464688
1668411439.8964462,16795.75,14.18999999999869,83.15771933,2.0038742700000114,0.0,1.0,0.0,0.0601673165096968,1010.55520626774
1668411500.8517623,16798.67,2.9199999999982538,83.37432509,0.2166057599999931,0.0,1.0,0.0,0.0601673165096968,1010.730894831948
1668411560.7159688,16738.71,-59.95999999999913,73.7772468,-9.59707829,1.0,0.0,1007.1232625340268,0.0,1007.1232625340268
1668411620.7642672,16739.13,0.4200000000018917,69.20954852,-4.567698280000002,1.0,0.0,1007.1232625340268,0.0,1007.1232625340268
1668411681.7691412,16752.98,13.849999999998545,66.88064955,-2.3288989699999973,1.0,0.0,1007.1232625340268,0.0,1007.1232625340268
1668411741.5954154,16736.49,-16.489999999997963,61.09715553,-5.783494019999999,1.0,0.0,1007.1232625340268,0.0,1007.1232625340268
1668411801.4328427,16781.22,44.72999999999956,63.39156674,2.29441121,0.0,1.0,0.0,0.060014901332205,1007.1232625340268
1668411862.8644538,16807.74,26.52000000000044,65.33077795,1.9392112099999963,0.0,1.0,0.0,0.060014901332205,1008.7148577173554
1668411922.964638,16825.62,17.87999999999738,66.89378402,1.56300607,0.0,1.0,0.0,0.060014901332205,1009.787924153175
1668411982.748384,16849.26,23.63999999999941,69.65795224,2.764168220000002,0.0,1.0,0.0,0.060014901332205,1011.2066764206684
1668412043.7513206,16791.12,-58.13999999999942,61.2541108,-8.40384144,1.0,0.0,1007.717410057214,0.0,1007.717410057214
1668412103.864986,16773.92,-17.200000000000728,55.17413771,-6.079973090000003,1.0,0.0,1007.717410057214,0.0,1007.717410057214
1668412164.331547,16775.49,1.570000000003347,51.15269979,-4.021437919999997,1.0,0.0,1007.717410057214,0.0,1007.717410057214
1668412225.0250187,16771.35,-4.140000000003056,46.74507838,-4.407621409999997,1.0,0.0,1007.717410057214,0.0,1007.717410057214
1668412284.7658904,16807.2,35.85000000000218,48.13680583,1.3917274499999976,0.0,1.0,0.0,0.059957483105884,1007.717410057214
1668412344.8578498,16856.01,48.80999999999767,53.16652747,5.029721639999998,0.0,1.0,0.0,0.059957483105884,1010.6439348076116
1668412405.657054,16813.48,-42.52999999999884,47.37375532,-5.792772149999998,1.0,0.0,1008.0939430511186,0.0,1008.0939430511186
1668412465.683399,16788.27,-25.209999999999127,41.48911603,-5.884639290000003,1.0,0.0,1008.0939430511186,0.0,1008.0939430511186
1668412525.6475115,16795.65,7.380000000001019,39.02470059,-2.464415439999996,1.0,0.0,1008.0939430511186,0.0,1008.0939430511186
1668412586.71748,16805.12,9.469999999997526,37.52723726,-1.4974633300000022,1.0,0.0,1008.0939430511186,0.0,1008.0939430511186
1668412647.1628218,16803.91,-1.2099999999991269,35.23609897,-2.2911382899999992,1.0,0.0,1008.0939430511186,0.0,1008.0939430511186
1668412707.2256408,16796.07,-7.8400000000001455,31.93246469,-3.3036342800000007,1.0,0.0,1008.0939430511186,0.0,1008.0939430511186
1668412767.480431,16797.12,1.0499999999992724,29.61867114,-2.31379355,1.0,0.0,1008.0939430511186,0.0,1008.0939430511186
1668412827.488582,16822.96,25.840000000000146,31.167612,1.5489408599999983,0.0,1.0,0.0,0.0599236961302362,1008.0939430511186
1668412887.5881126,16854.85,31.88999999999941,34.805297,3.6376850000000047,0.0,1.0,0.0,0.0599236961302362,1010.0049097207116
1668412948.2221413,16862.92,8.069999999999709,36.50738828,1.7020912799999977,0.0,1.0,0.0,0.0599236961302362,1010.4884939484824
1668413008.2294867,16868.15,5.230000000003201,37.5573527,1.049964420000002,0.0,1.0,0.0,0.0599236961302362,1010.8018948792438
1668413068.2151053,16883.02,14.86999999999898,39.55901643,2.001663729999997,0.0,1.0,0.0,0.0599236961302362,1011.6929602407004
1668413129.1866386,16920.51,37.48999999999796,45.21739236,5.658375929999998,0.0,1.0,0.0,0.0599236961302362,1013.9394996086228
1668413189.1724164,16884.27,-36.23999999999796,41.77453197,-3.44286039,1.0,0.0,1011.7678648608633,0.0,1011.7678648608633
1668413250.005332,16837.14,-47.13000000000102,34.1922297,-7.58230227,1.0,0.0,1011.7678648608633,0.0,1011.7678648608633
1668413309.8763,16803.91,-33.22999999999956,25.94183095,-8.250398749999999,1.0,0.0,1011.7678648608633,0.0,1011.7678648608633
1668413369.9265373,16825.8,21.88999999999941,27.68804178,1.746210829999999,0.0,1.0,0.0,0.0601319322029777,1011.7678648608633
1668413429.9441185,16824.98,-0.819999999999709,20.846757,-6.841284779999999,1.0,0.0,1011.7185566764558,0.0,1011.7185566764558
1668413490.6996243,16838.02,13.040000000000871,20.3505138,-0.4962431999999985,1.0,0.0,1011.7185566764558,0.0,1011.7185566764558
1668413550.6625896,16864.0,25.979999999999563,22.58740866,2.23689486,0.0,1.0,0.0,0.0599927986644008,1011.7185566764558
1668413610.6214857,16911.92,47.919999999998254,29.2329089,6.6455002400000005,0.0,1.0,0.0,0.0599927986644008,1014.593411588453
1668413671.965633,16858.63,-53.28999999999724,23.57817612,-5.654732780000003,1.0,0.0,1011.3963953476272,0.0,1011.3963953476272
1668413732.5825994,16876.74,18.110000000000586,24.8591115,1.2809353800000025,0.0,1.0,0.0,0.059928421919614,1011.3963953476272
1668413792.015143,16905.11,28.36999999999898,28.36736236,3.5082508600000004,0.0,1.0,0.0,0.059928421919614,1013.0965646774858
1668413912.650124,16857.22,-47.88999999999942,20.84803319,-7.519329170000002,1.0,0.0,1010.2265925517556,0.0,1010.2265925517556
1668413972.5755594,16849.66,-7.56000000000131,17.76747772,-3.08055547,1.0,0.0,1010.2265925517556,0.0,1010.2265925517556
1668414033.4375443,16824.22,-25.43999999999869,12.02769319,-5.739784529999998,1.0,0.0,1010.2265925517556,0.0,1010.2265925517556
1668414093.48647,16850.52,26.299999999999272,12.63001895,0.6023257599999994,0.0,1.0,0.0,0.0599522502897094,1010.2265925517556
1668414153.4695082,16840.0,-10.520000000000437,9.89962413,-2.7303948200000008,1.0,0.0,1009.5958948787064,0.0,1009.5958948787064
1668414215.0517612,16808.7,-31.299999999999272,3.88045844,-6.01916569,1.0,0.0,1009.5958948787064,0.0,1009.5958948787064
1668414274.2202375,16842.21,33.5099999999984,5.73605335,1.85559491,0.0,1.0,0.0,0.0599443834792884,1009.5958948787064
1668414334.241036,16820.31,-21.899999999997817,2.01305175,-3.7230016,1.0,0.0,1008.2831128805096,0.0,1008.2831128805096
1668414395.2275078,16808.61,-11.700000000000728,-1.21197284,-3.22502459,1.0,0.0,1008.2831128805096,0.0,1008.2831128805096
1668414455.327078,16795.9,-12.709999999999129,-4.78974712,-3.5777742800000003,1.0,0.0,1008.2831128805096,0.0,1008.2831128805096
1668414515.2232044,16782.57,-13.330000000001746,-8.74343919,-3.95369207,1.0,0.0,1008.2831128805096,0.0,1008.2831128805096
1668414575.9483993,16784.19,1.6199999999989814,-10.56304633,-1.8196071400000005,1.0,0.0,1008.2831128805096,0.0,1008.2831128805096
1668414636.1241655,16781.68,-2.5099999999984,-12.32558869,-1.7625423599999994,1.0,0.0,1008.2831128805096,0.0,1008.2831128805096
1668414696.75099,16807.63,25.950000000000728,-9.7395551,2.5860335899999995,0.0,1.0,0.0,0.0599896066774738,1008.2831128805096
1668414756.738143,16799.65,-7.979999999999563,-10.26679215,-0.5272370500000001,1.0,0.0,1007.8043958192228,0.0,1007.8043958192228
1668414816.7848637,16794.66,-4.990000000001601,-10.95432504,-0.68753289,1.0,0.0,1007.8043958192228,0.0,1007.8043958192228
1668414876.7985227,16798.48,3.819999999999709,-10.41690343,0.5374216100000009,0.0,1.0,0.0,0.0599937849031116,1007.8043958192228
1668414937.7729793,16797.96,-0.5200000000004366,-10.2910162,0.12588723,0.0,1.0,0.0,0.0599937849031116,1007.7731990510724
1668414997.8096268,16779.38,-18.57999999999811,-12.56600121,-2.27498501,1.0,0.0,1006.6585145275728,0.0,1006.6585145275728
1668415057.8386345,16737.27,-42.11000000000058,-18.88648158,-6.320480370000002,1.0,0.0,1006.6585145275728,0.0,1006.6585145275728
1668415118.6504798,16756.47,19.200000000000728,-18.3896709,0.4968106800000029,0.0,1.0,0.0,0.0600758103901103,1006.6585145275728
1668415179.549719,16727.73,-28.7400000000016,-23.05298606,-4.66331516,1.0,0.0,1004.9319357369598,0.0,1004.9319357369598
1668415238.6303017,16732.48,4.75,-23.97616123,-0.9231751700000004,1.0,0.0,1004.9319357369598,0.0,1004.9319357369598
1668415299.387504,16756.06,23.580000000001743,-21.38975911,2.586402119999999,0.0,1.0,0.0,0.0599742383195667,1004.9319357369598
1668415359.428461,16761.43,5.369999999998981,-19.83423922,1.5555198899999994,0.0,1.0,0.0,0.0599742383195667,1005.2539973967348
1668415419.3662372,16780.42,18.989999999997963,-16.11332113,3.7209180900000014,0.0,1.0,0.0,0.0599742383195667,1006.3929081824232
1668415480.3996174,16776.27,-4.149999999997817,-14.71113509,1.4021860399999984,0.0,1.0,0.0,0.0599742383195667,1006.1440150933972
1668415540.247141,16777.36,1.0900000000001455,-12.96251422,1.7486208700000017,0.0,1.0,0.0,0.0599742383195667,1006.2093870131656
1668415600.3657634,16770.23,-7.130000000001019,-12.52558919,0.4369250299999994,0.0,1.0,0.0,0.0599742383195667,1005.781770693947
1668415661.9794147,16756.32,-13.909999999999854,-13.70638874,-1.1807995499999997,1.0,0.0,1004.947529038922,0.0,1004.947529038922
1668415721.076856,16743.67,-12.650000000001455,-15.31731159,-1.6109228499999997,1.0,0.0,1004.947529038922,0.0,1004.947529038922
1668415781.1425712,16767.93,24.26000000000204,-12.41022271,2.90708888,0.0,1.0,0.0,0.0599327125673188,1004.947529038922
1668415842.1240597,16751.98,-15.950000000000728,-12.8294048,-0.4191820900000014,1.0,0.0,1003.9916022734732,0.0,1003.9916022734732
1668415901.955494,16796.12,44.13999999999942,-7.17549897,5.653905830000001,0.0,1.0,0.0,0.0597752101243306,1003.9916022734732
1668415962.0253396,16781.45,-14.669999999998254,-6.00393558,1.171563389999999,0.0,1.0,0.0,0.0597752101243306,1003.1146999409476
1668416022.720632,16787.83,6.380000000001019,-3.84992577,2.15400981,0.0,1.0,0.0,0.0597752101243306,1003.496065781541
1668416082.682795,16775.68,-12.150000000001455,-3.79237387,0.0575518999999999,0.0,1.0,0.0,0.0597752101243306,1002.7697969785304
1668416142.8779683,16786.4,10.720000000001164,-2.19758219,1.5947916800000002,0.0,1.0,0.0,0.0597752101243306,1003.4105872310632
1668416204.1867251,16778.08,-8.319999999999709,-2.60918962,-0.4116074300000001,1.0,0.0,1002.9132574828288,0.0,1002.9132574828288
1668416263.721293,16792.89,14.809999999997672,-1.07056367,1.53862595,0.0,1.0,0.0,0.0597224931195779,1002.9132574828288
1668416323.7737367,16798.0,5.110000000000582,0.73760104,1.80816471,0.0,1.0,0.0,0.0597224931195779,1003.2184394226696
1668416384.68335,16776.2,-21.799999999999272,-1.15668142,-1.89428246,1.0,0.0,1001.9164890726628,0.0,1001.9164890726628
1668416444.6292984,16771.67,-4.530000000002474,-2.46373927,-1.30705785,1.0,0.0,1001.9164890726628,0.0,1001.9164890726628
1668416504.5638258,16738.6,-33.06999999999971,-6.16757502,-3.70383575,1.0,0.0,1001.9164890726628,0.0,1001.9164890726628
1668416565.71921,16702.69,-35.909999999999854,-11.35835846,-5.19078344,1.0,0.0,1001.9164890726628,0.0,1001.9164890726628
1668416625.5176675,16714.86,12.170000000001892,-14.0614748,-2.70311634,1.0,0.0,1001.9164890726628,0.0,1001.9164890726628
1668416685.6481738,16720.0,5.139999999999418,-15.4941128,-1.4326380000000007,1.0,0.0,1001.9164890726628,0.0,1001.9164890726628
1668416747.362827,16715.22,-4.779999999998836,-17.50873158,-2.01461878,1.0,0.0,1001.9164890726628,0.0,1001.9164890726628
1668416806.7160668,16705.78,-9.440000000002328,-18.6309999,-1.12226832,1.0,0.0,1001.9164890726628,0.0,1001.9164890726628
1668416866.722239,16679.35,-26.43000000000029,-22.48641589,-3.855415990000001,1.0,0.0,1001.9164890726628,0.0,1001.9164890726628
1668416927.4157338,16703.87,24.52000000000044,-21.35893072,1.12748517,0.0,1.0,0.0,0.05998109953398,1001.9164890726628
1668416987.3025246,16685.73,-18.13999999999941,-24.08498324,-2.72605252,1.0,0.0,1000.828431927116,0.0,1000.828431927116
1668417047.404165,16710.73,25.0,-21.56033995,2.52464329,0.0,1.0,0.0,0.0598913651245107,1000.828431927116
1668417107.975099,16710.7,-0.0299999999988358,-20.06316712,1.4971728300000002,0.0,1.0,0.0,0.0598913651245107,1000.8266351861612
1668417167.9507785,16701.01,-9.690000000002328,-20.7204003,-0.6572331800000022,1.0,0.0,1000.2462878581044,0.0,1000.2462878581044
1668417228.0977385,16704.62,3.610000000000582,-20.12066062,0.5997396800000026,0.0,1.0,0.0,0.0598784221286149,1000.2462878581044
1668417289.0454907,16699.63,-4.989999999997963,-19.95136588,0.169294739999998,0.0,1.0,0.0,0.0598784221286149,999.9474945316812
1668417349.012581,16679.62,-20.01000000000204,-21.53484352,-1.583477639999998,1.0,0.0,998.7493273048876,0.0,998.7493273048876
1668417408.9665923,16692.67,13.049999999999272,-21.00329051,0.5315530099999997,0.0,1.0,0.0,0.0598316103598098,998.7493273048876
1668417469.7734945,16683.25,-9.419999999998254,-20.79205381,0.2112367000000006,0.0,1.0,0.0,0.0598316103598098,998.1857135352968
1668417529.7143471,16652.78,-30.470000000001164,-24.00958819,-3.21753438,1.0,0.0,996.3626443676334,0.0,996.3626443676334
1668417589.7119904,16661.73,8.950000000000728,-24.99752241,-0.9879342199999996,1.0,0.0,996.3626443676334,0.0,996.3626443676334
1668417650.9044862,16673.26,11.529999999998836,-24.28187813,0.7156442799999994,0.0,1.0,0.0,0.0597581183504385,996.3626443676334
1668417710.4088576,16701.95,28.69000000000233,-19.74160622,4.540271909999998,0.0,1.0,0.0,0.0597581183504385,998.0771047831064
1668417770.423982,16685.64,-16.31000000000131,-18.64362031,1.097985910000002,0.0,1.0,0.0,0.0597581183504385,997.1024498728106
1668417831.419376,16693.45,7.81000000000131,-16.48281631,2.160803999999999,0.0,1.0,0.0,0.0597581183504385,997.5691607771276
1668417891.2493043,16689.0,-4.450000000000728,-15.65419544,0.82862087,0.0,1.0,0.0,0.0597581183504385,997.303237150468
1668417951.234302,16702.39,13.389999999999418,-13.20432475,2.449870690000001,0.0,1.0,0.0,0.0597581183504385,998.1033983551804
1668418012.3645768,16706.51,4.119999999998981,-11.01605289,2.1882718600000004,0.0,1.0,0.0,0.0597581183504385,998.3496018027842
1668418072.2135825,16703.34,-3.1699999999982538,-9.47721928,1.5388336099999993,0.0,1.0,0.0,0.0597581183504385,998.1601685676134
1668418132.318615,16701.08,-2.2599999999984,-8.01570185,1.461517430000001,0.0,1.0,0.0,0.0597581183504385,998.0251152201416
1668418193.1609502,16699.69,-1.390000000003056,-6.83657947,1.179122379999999,0.0,1.0,0.0,0.0597581183504385,997.9420514356342
1668418253.6267574,16706.04,6.350000000002183,-4.87210917,1.9644703000000003,0.0,1.0,0.0,0.0597581183504385,998.3215154871596
1668418313.1424026,16697.58,-8.459999999999127,-4.79139346,0.0807157099999997,0.0,1.0,0.0,0.0597581183504385,997.815961805915
1668418373.79633,16723.68,26.099999999998545,-2.24439205,2.54700141,0.0,1.0,0.0,0.0597581183504385,999.3756486948612
1668418433.7203774,16745.15,21.470000000001164,2.13753665,4.3819287,0.0,1.0,0.0,0.0597581183504385,1000.6586554958452
1668418493.640627,16731.7,-13.450000000000728,3.00490109,0.8673644400000002,0.0,1.0,0.0,0.0597581183504385,999.854908804032
1668418554.730715,16726.2,-5.5,3.00553965,0.0006385599999996,0.0,1.0,0.0,0.0597581183504385,999.5262391531044
1668418614.8891397,16732.37,6.169999999998254,4.51213537,1.5065957200000004,0.0,1.0,0.0,0.0597581183504385,999.8949467433264
1668418674.7305088,16746.87,14.5,6.7910165,2.27888113,0.0,1.0,0.0,0.0597581183504385,1000.761439459408
1668418735.3690162,16740.0,-6.869999999998981,7.46761891,0.6766024100000001,0.0,1.0,0.0,0.0597581183504385,1000.3509011863404
1668418795.6421895,16727.66,-12.340000000000146,6.6551592,-0.8124597099999997,1.0,0.0,999.613486005896,0.0,999.613486005896
1668418855.3792932,16722.47,-5.18999999999869,6.26370817,-0.3914510299999998,1.0,0.0,999.613486005896,0.0,999.613486005896
1668418916.1780438,16735.53,13.059999999997672,6.94401681,0.6803086399999998,0.0,1.0,0.0,0.0597300166774458,999.613486005896
1668418976.238203,16735.83,0.3000000000029104,7.24902335,0.3050065399999999,0.0,1.0,0.0,0.0597300166774458,999.6314050108978
1668419036.1852355,16735.98,0.1499999999978172,7.14728982,-0.1017335299999997,1.0,0.0,999.6403645133992,0.0,999.6403645133992
1668419097.0121791,16756.51,20.52999999999884,9.21759263,2.0703028100000003,0.0,1.0,0.0,0.0596568357321064,999.6403645133992
1668419157.05887,16747.13,-9.37999999999738,10.28619369,1.0686010599999989,0.0,1.0,0.0,0.0596568357321064,999.0807833942312
1668419218.2539048,16756.17,9.039999999997235,11.22204341,0.9358497200000002,0.0,1.0,0.0,0.0596568357321064,999.6200811892492
1668419277.9514346,16755.0,-1.1699999999982538,11.61978324,0.3977398300000008,0.0,1.0,0.0,0.0596568357321064,999.5502826914428
1668419337.770707,16770.6,15.599999999998545,13.27143072,1.6516474799999994,0.0,1.0,0.0,0.0596568357321064,1000.4809293288636
1668419397.8373396,16771.5,0.9000000000014552,13.92290777,0.6514770500000004,0.0,1.0,0.0,0.0596568357321064,1000.5346204810226
1668419458.5667126,16755.82,-15.680000000000293,13.00483032,-0.9180774500000002,1.0,0.0,999.5992012967432,0.0,999.5992012967432
1668419518.4245882,16741.74,-14.079999999998108,10.71710857,-2.28772175,1.0,0.0,999.5992012967432,0.0,999.5992012967432
1668419578.674575,16760.28,18.539999999997235,10.71269073,-0.0044178400000003,1.0,0.0,999.5992012967432,0.0,999.5992012967432
1668419639.392827,16764.87,4.5900000000001455,11.17802908,0.4653383499999997,0.0,1.0,0.0,0.0596246318221819,999.5992012967432
1668419699.1801949,16786.0,21.13000000000102,13.78912892,2.61109984,0.0,1.0,0.0,0.0596246318221819,1000.8590697671456
1668419759.244132,16774.43,-11.569999999999707,13.30435879,-0.4847701299999993,1.0,0.0,1000.1692127769628,0.0,1000.1692127769628
1668419820.7934823,16773.84,-0.5900000000001455,13.84103465,0.536675859999999,0.0,1.0,0.0,0.0596267290481465,1000.1692127769628
1668419879.411924,16779.75,5.909999999999855,14.35113851,0.510103860000001,0.0,1.0,0.0,0.0596267290481465,1000.5216067456362
1668419939.4789388,16756.55,-23.200000000000728,12.75526848,-1.5958700300000004,1.0,0.0,999.1382666317191,0.0,999.1382666317191
1668419999.4157856,16749.89,-6.659999999999855,10.28133571,-2.47393277,1.0,0.0,999.1382666317191,0.0,999.1382666317191
1668420059.47307,16746.02,-3.869999999998981,8.53062105,-1.75071466,1.0,0.0,999.1382666317191,0.0,999.1382666317191
1668420119.4238195,16732.49,-13.529999999998836,5.61440702,-2.916214030000001,1.0,0.0,999.1382666317191,0.0,999.1382666317191
1668420179.4326794,16721.16,-11.330000000001746,2.20981432,-3.4045927,1.0,0.0,999.1382666317191,0.0,999.1382666317191
1668420239.3970397,16748.83,27.67000000000189,2.76655484,0.55674052,0.0,1.0,0.0,0.0596542126603302,999.1382666317191
1668420300.1831102,16755.27,6.43999999999869,4.06437399,1.29781915,0.0,1.0,0.0,0.0596542126603302,999.5224397612508
1668420359.448553,16748.0,-7.270000000000437,2.98826918,-1.07610481,1.0,0.0,999.0887536352102,0.0,999.0887536352102
1668420419.4221113,16740.15,-7.849999999998545,1.28439903,-1.70387015,1.0,0.0,999.0887536352102,0.0,999.0887536352102
1668420479.350546,16741.61,1.4599999999991269,0.23937762,-1.0450214100000002,1.0,0.0,999.0887536352102,0.0,999.0887536352102
1668420539.4102786,16730.76,-10.850000000002185,-1.50362591,-1.74300353,1.0,0.0,999.0887536352102,0.0,999.0887536352102
1668420599.2978966,16720.22,-10.539999999997235,-3.85083579,-2.3472098800000003,1.0,0.0,999.0887536352102,0.0,999.0887536352102
1668420659.284648,16734.17,13.94999999999709,-3.22524428,0.62559151,0.0,1.0,0.0,0.0597035140455254,999.0887536352102
1668420719.519468,16715.34,-18.82999999999811,-6.21917044,-2.99392616,1.0,0.0,997.9645364657326,0.0,997.9645364657326
1668420780.5014155,16715.2,-0.1399999999994179,-7.03959078,-0.8204203400000001,1.0,0.0,997.9645364657326,0.0,997.9645364657326
1668420839.402015,16716.0,0.7999999999992724,-7.94246015,-0.9028693699999994,1.0,0.0,997.9645364657326,0.0,997.9645364657326
1668420899.40423,16721.11,5.110000000000582,-7.85514342,0.0873167299999995,0.0,1.0,0.0,0.0596829119876451,997.9645364657326
1668420959.473888,16714.01,-7.100000000002183,-8.46655705,-0.6114136300000004,1.0,0.0,997.54078779062,0.0,997.54078779062
1668421019.3811705,16720.61,6.600000000002183,-7.59009415,0.8764629000000008,0.0,1.0,0.0,0.0596593538029186,997.54078779062
1668421079.4525907,16719.7,-0.9099999999998544,-7.83563345,-0.2455393000000008,1.0,0.0,997.486497778658,0.0,997.486497778658
1668421139.4469707,16718.78,-0.9200000000018916,-7.85054284,-0.0149093899999996,1.0,0.0,997.486497778658,0.0,997.486497778658
1668421199.3445678,16730.13,11.350000000002185,-6.38104085,1.4695019900000004,0.0,1.0,0.0,0.0596221606035731,997.486497778658
1668421260.052803,16743.0,12.86999999999898,-4.17467711,2.20636374,0.0,1.0,0.0,0.0596221606035731,998.2538349856244
1668421319.3936706,16741.3,-1.7000000000007276,-3.01388306,1.1607940500000002,0.0,1.0,0.0,0.0596221606035731,998.1524773125984
1668421379.4372942,16744.47,3.170000000001892,-1.59276621,1.42111685,0.0,1.0,0.0,0.0596221606035731,998.3414795617116
1668421439.5003765,16743.45,-1.0200000000004366,-0.59361695,0.99914926,0.0,1.0,0.0,0.0596221606035731,998.280664957896
1668421499.4644518,16722.54,-20.90999999999985,-1.6824935,-1.0888765500000002,1.0,0.0,997.0339655796754,0.0,997.0339655796754
1668421559.5656788,16737.47,14.930000000000293,-1.16071419,0.5217793100000001,0.0,1.0,0.0,0.0595689770066608,997.0339655796754
1668421619.5096097,16752.63,15.159999999999854,1.18732641,2.3480406,0.0,1.0,0.0,0.0595689770066608,997.937031271096
1668421679.4352272,16747.0,-5.630000000001019,2.01029354,0.8229671300000001,0.0,1.0,0.0,0.0595689770066608,997.6016579305484
1668421740.407445,16753.0,6.0,3.28605144,1.2757579,0.0,1.0,0.0,0.0595689770066608,997.9590717925884
1668421799.4270902,16747.5,-5.5,4.01407861,0.7280271700000003,0.0,1.0,0.0,0.0595689770066608,997.6314424190516
1668421859.5072718,16760.7,13.200000000000728,5.39917107,1.38509246,0.0,1.0,0.0,0.0595689770066608,998.4177529155396
1668421919.4681475,16768.57,7.869999999998981,7.06470734,1.6655362699999996,0.0,1.0,0.0,0.0595689770066608,998.886560764582
1668421979.5046146,16767.35,-1.2200000000011642,8.21607169,1.1513643499999997,0.0,1.0,0.0,0.0595689770066608,998.8138866126338
1668422039.3934193,16777.0,9.650000000001455,9.53918269,1.3231110000000008,0.0,1.0,0.0,0.0595689770066608,999.3887272407484
1668422099.3724704,16776.65,-0.3499999999985448,10.5012583,0.9620756099999994,0.0,1.0,0.0,0.0595689770066608,999.367878098796
1668422159.3650043,16767.34,-9.31000000000131,10.47477233,-0.0264859699999995,1.0,0.0,998.813290922864,0.0,998.813290922864
1668422220.6847355,16776.03,8.68999999999869,11.03606762,0.5612952900000003,0.0,1.0,0.0,0.0595381202181245,998.813290922864
1668422279.5287037,16780.79,4.760000000002037,11.57522127,0.5391536499999994,0.0,1.0,0.0,0.0595381202181245,999.0966923751014
1668422339.4612265,16809.49,28.700000000000728,14.76043435,3.1852130800000005,0.0,1.0,0.0,0.0595381202181245,1000.8054364253616
1668422399.3601234,16791.05,-18.44000000000233,14.65299497,-0.1074393800000006,1.0,0.0,999.7075534885392,0.0,999.7075534885392
1668422459.4432695,16794.21,3.1599999999998545,15.26678293,0.6137879599999998,0.0,1.0,0.0,0.0595269175202965,999.7075534885392
1668422519.397732,16788.0,-6.209999999999127,14.66288198,-0.6039009499999999,1.0,0.0,999.3378913307376,0.0,999.3378913307376
1668422579.6998627,16790.6,2.599999999998545,13.55893878,-1.1039431999999998,1.0,0.0,999.3378913307376,0.0,999.3378913307376
1668422639.5240438,16797.41,6.81000000000131,13.83631358,0.2773748000000005,0.0,1.0,0.0,0.059493570218905,999.3378913307376
1668422700.403093,16779.51,-17.900000000001455,12.34960924,-1.486704340000001,1.0,0.0,998.2729564238184,0.0,998.2729564238184
1668422759.649688,16799.51,20.0,13.342012,0.9924027600000008,0.0,1.0,0.0,0.0594227424742637,998.2729564238184
1668422819.5586765,16811.21,11.700000000000728,14.75351297,1.4115009699999987,0.0,1.0,0.0,0.0594227424742637,998.9682025107666
1668422879.5062065,16795.67,-15.540000000000871,14.331606,-0.4219069699999984,1.0,0.0,998.0447730927164,0.0,998.0447730927164
1668422939.5289102,16792.6,-3.069999999999709,13.42340505,-0.9082009500000012,1.0,0.0,998.0447730927164,0.0,998.0447730927164
1668422999.513765,16752.65,-39.94999999999709,8.12224615,-5.301158899999999,1.0,0.0,998.0447730927164,0.0,998.0447730927164
1668423059.617399,16776.85,24.19999999999709,7.69631522,-0.4259309300000007,1.0,0.0,998.0447730927164,0.0,998.0447730927164
1668423119.4820063,16798.36,21.51000000000204,8.88236104,1.1860458199999997,0.0,1.0,0.0,0.0594132268324239,998.0447730927164
1668423180.2645788,16788.49,-9.86999999999898,7.73204179,-1.150319249999999,1.0,0.0,997.4583645438804,0.0,997.4583645438804
1668423239.4130335,16790.66,2.1699999999982538,7.40395652,-0.3280852699999999,1.0,0.0,997.4583645438804,0.0,997.4583645438804
1668423299.5113466,16788.88,-1.7799999999988358,7.18852625,-0.2154302700000006,1.0,0.0,997.4583645438804,0.0,997.4583645438804
1668423359.730116,16790.65,1.7700000000004366,6.69575283,-0.4927734199999998,1.0,0.0,997.4583645438804,0.0,997.4583645438804
1668423419.4937558,16793.77,3.1199999999989814,6.78087656,0.0851237300000002,0.0,1.0,0.0,0.0593945471769519,997.4583645438804
1668423479.5247371,16794.34,0.569999999999709,6.84086615,0.0599895899999998,0.0,1.0,0.0,0.0593945471769519,997.4922194357704
1668423539.6213353,16793.75,-0.5900000000001455,6.60216646,-0.2386996899999998,1.0,0.0,997.457176652936,0.0,997.457176652936
1668423599.4883509,16779.23,-14.520000000000437,4.77877761,-1.8233888500000008,1.0,0.0,997.457176652936,0.0,997.457176652936
1668423660.7342055,16791.34,12.110000000000582,4.84109551,0.0623179,0.0,1.0,0.0,0.0594030718604313,997.457176652936
1668423719.5332887,16803.0,11.659999999999854,5.52953843,0.68844292,0.0,1.0,0.0,0.0594030718604313,998.1498164708272
1668423779.477934,16798.15,-4.849999999998545,5.62791654,0.0983781100000005,0.0,1.0,0.0,0.0594030718604313,997.861711572304
1668423839.5089283,16797.87,-0.2800000000024738,6.05352699,0.4256104499999997,0.0,1.0,0.0,0.0594030718604313,997.8450787121832
