Time,Price,Price Change,RSI,State,Cash Allocation,Coin Allocation,Cash Balance,Coin Balance,Value
1668394855.006456,1192.93,0.0,68.507755,-2.0,1.0,0.0,1000.0,0.0,1000.0
1668394914.8370333,1194.61,1.6799999999998363,72.95040639,-2.0,1.0,0.0,1000.0,0.0,1000.0
1668394974.8449247,1191.79,-2.8199999999999363,62.15816379,-2.0,1.0,0.0,1000.0,0.0,1000.0
1668395036.0984178,1190.41,-1.3799999999998818,57.48922574,-2.0,1.0,0.0,1000.0,0.0,1000.0
1668395095.6907246,1189.85,-0.5600000000001728,55.71208756,-2.0,1.0,0.0,1000.0,0.0,1000.0
1668395155.8125577,1190.19,0.3400000000001455,56.38716212,-2.0,1.0,0.0,1000.0,0.0,1000.0
1668395216.2881036,1189.63,-0.5599999999999454,54.92353577,-2.0,1.0,0.0,1000.0,0.0,1000.0
1668395275.740557,1190.1,0.4699999999997999,56.33934465,-2.0,1.0,0.0,1000.0,0.0,1000.0
1668395335.7438817,1190.02,-0.0799999999999272,55.7737972,-2.0,1.0,0.0,1000.0,0.0,1000.0
1668395397.0183263,1190.82,0.7999999999999545,58.44187194,-2.0,1.0,0.0,1000.0,0.0,1000.0
1668395455.75572,1190.19,-0.6299999999998818,56.06668966,-2.0,1.0,0.0,1000.0,0.0,1000.0
1668395515.7346573,1190.45,0.2599999999999909,56.91695483,-2.0,1.0,0.0,1000.0,0.0,1000.0
1668395576.119957,1190.36,-0.0900000000001455,56.04140357,-2.0,1.0,0.0,1000.0,0.0,1000.0
1668395635.8223171,1190.18,-0.1799999999998363,55.18357266,-2.0,1.0,0.0,1000.0,0.0,1000.0
1668395696.090012,1190.22,0.0399999999999636,55.1885243,-2.0,1.0,0.0,1000.0,0.0,1000.0
1668395755.8778148,1190.46,0.2400000000000091,56.13762069,-2.0,1.0,0.0,1000.0,0.0,1000.0
1668395815.774376,1190.93,0.4700000000000273,57.94976557,-2.0,1.0,0.0,1000.0,0.0,1000.0
1668395875.7161992,1190.94,0.0099999999999909,58.05650054,-2.0,1.0,0.0,1000.0,0.0,1000.0
1668395935.8089669,1190.41,-0.5299999999999727,55.06743158,-2.0,1.0,0.0,1000.0,0.0,1000.0
1668395995.8242185,1187.94,-2.470000000000028,43.48331284,-2.0,1.0,0.0,1000.0,0.0,1000.0
1668396055.8866684,1188.41,0.4700000000000273,45.31972143,-2.0,1.0,0.0,1000.0,0.0,1000.0
1668396115.7327268,1188.54,0.1299999999998817,46.12512519,-2.0,1.0,0.0,1000.0,0.0,1000.0
1668396175.9503467,1188.13,-0.4099999999998545,44.22864079,-2.0,1.0,0.0,1000.0,0.0,1000.0
1668396235.7002375,1188.85,0.7199999999997999,48.06200389,-2.0,1.0,0.0,1000.0,0.0,1000.0
1668396296.8130925,1189.7,0.8500000000001364,52.70984845,-2.0,1.0,0.0,1000.0,0.0,1000.0
1668396355.7200933,1192.69,2.990000000000009,64.25583715,-2.0,1.0,0.0,1000.0,0.0,1000.0
1668396416.012172,1193.28,0.5899999999999181,65.23591287,-2.0,1.0,0.0,1000.0,0.0,1000.0
1668396476.0082023,1195.22,1.9400000000000543,69.95823572,-2.0,1.0,0.0,1000.0,0.0,1000.0
1668396535.8682778,1193.6,-1.6200000000001182,61.88243532,-2.0,1.0,0.0,1000.0,0.0,1000.0
1668396595.7595828,1193.93,0.3300000000001546,62.47119537,-2.0,1.0,0.0,1000.0,0.0,1000.0
1668396655.871843,1193.72,-0.2100000000000363,60.19859257,-2.0,1.0,0.0,1000.0,0.0,1000.0
1668396715.988378,1195.52,1.7999999999999543,66.66462303,-2.0,1.0,0.0,1000.0,0.0,1000.0
1668396775.7709446,1194.82,-0.7000000000000455,63.80816067,-2.0,1.0,0.0,1000.0,0.0,1000.0
1668396835.854038,1196.53,1.7100000000000364,69.36781372,-2.0,1.0,0.0,1000.0,0.0,1000.0
1668396895.8353744,1196.04,-0.4900000000000091,67.35027417,-2.0,1.0,0.0,1000.0,0.0,1000.0
1668396955.7666852,1196.44,0.4000000000000909,67.79216893,-2.0,1.0,0.0,1000.0,0.0,1000.0
1668397016.1170423,1195.29,-1.150000000000091,61.37093698,-2.0,1.0,0.0,1000.0,0.0,1000.0
1668397076.115029,1196.0,0.7100000000000364,62.79697276,-2.0,1.0,0.0,1000.0,0.0,1000.0
1668397136.088668,1195.93,-0.0699999999999363,62.1700544,-2.0,1.0,0.0,1000.0,0.0,1000.0
1668397195.6878314,1195.81,-0.1200000000001182,59.3696295,-2.0,1.0,0.0,1000.0,0.0,1000.0
1668397255.7386334,1196.09,0.2799999999999727,59.83309011,-2.0,1.0,0.0,1000.0,0.0,1000.0
1668397315.935931,1196.34,0.25,60.71597355,-2.0,1.0,0.0,1000.0,0.0,1000.0
1668397375.8586924,1196.19,-0.1499999999998635,60.14967822,-2.0,1.0,0.0,1000.0,0.0,1000.0
1668397435.8280206,1195.5,-0.6900000000000546,56.60124138,-2.0,1.0,0.0,1000.0,0.0,1000.0
1668397495.8359454,1194.3,-1.2000000000000457,51.06157235,-2.0,1.0,0.0,1000.0,0.0,1000.0
1668397555.9303825,1194.02,-0.2799999999999727,49.82417112,-2.0,1.0,0.0,1000.0,0.0,1000.0
1668397615.901863,1194.5,0.4800000000000182,52.07067114,-2.0,1.0,0.0,1000.0,0.0,1000.0
1668397675.9216106,1196.08,1.5799999999999272,58.24811953,-2.0,1.0,0.0,1000.0,0.0,1000.0
1668397735.6808195,1197.06,0.9800000000000182,61.59632673,-2.0,1.0,0.0,1000.0,0.0,1000.0
1668397795.9685762,1197.97,0.910000000000082,64.55188288,-2.0,1.0,0.0,1000.0,0.0,1000.0
1668397856.031252,1196.83,-1.1400000000001,58.51078231,-2.0,1.0,0.0,1000.0,0.0,1000.0
1668397916.0169675,1195.07,-1.759999999999991,50.79725057,-2.0,1.0,0.0,1000.0,0.0,1000.0
1668397975.7370956,1193.14,-1.9299999999998363,44.05568127,-2.0,1.0,0.0,1000.0,0.0,1000.0
1668398035.8417947,1193.33,0.1899999999998272,44.54485014,-2.0,1.0,0.0,1000.0,0.0,1000.0
1668398095.934158,1193.34,0.0099999999999909,44.5498903,-2.0,1.0,0.0,1000.0,0.0,1000.0
1668398155.872114,1192.98,-0.3599999999998999,43.16277105,-2.0,1.0,0.0,1000.0,0.0,1000.0
1668398216.21214,1193.62,0.6399999999998727,46.63764769,-2.0,1.0,0.0,1000.0,0.0,1000.0
1668398275.8941708,1193.85,0.2300000000000182,47.61798215,-2.0,1.0,0.0,1000.0,0.0,1000.0
1668398335.9626644,1192.69,-1.1599999999998545,43.0981092,-2.0,1.0,0.0,1000.0,0.0,1000.0
1668398395.9203863,1193.35,0.6599999999998545,45.87941178,-2.0,1.0,0.0,1000.0,0.0,1000.0
1668398455.8477764,1192.32,-1.0299999999999727,41.40291631,-2.0,1.0,0.0,1000.0,0.0,1000.0
1668398515.8290246,1193.41,1.0900000000001455,46.49989673,-2.0,1.0,0.0,1000.0,0.0,1000.0
1668398576.0001135,1193.2,-0.2100000000000363,45.34939199,-2.0,1.0,0.0,1000.0,0.0,1000.0
1668398636.6331065,1193.1,-0.1000000000001364,44.96452047,-2.0,1.0,0.0,1000.0,0.0,1000.0
1668398695.8733969,1192.37,-0.7300000000000182,42.58521331,-2.0,1.0,0.0,1000.0,0.0,1000.0
1668398755.9770606,1193.22,0.8500000000001364,47.2685537,-2.0,1.0,0.0,1000.0,0.0,1000.0
1668398815.7536306,1192.82,-0.4000000000000909,45.28679123,-2.0,1.0,0.0,1000.0,0.0,1000.0
1668398876.0260158,1192.77,-0.0499999999999545,44.93957696,-2.0,1.0,0.0,1000.0,0.0,1000.0
1668398935.991969,1192.61,-0.1600000000000818,44.03069754,-2.0,1.0,0.0,1000.0,0.0,1000.0
1668398995.9359484,1191.61,-1.0,39.25047453,-2.0,1.0,0.0,1000.0,0.0,1000.0
1668399056.6048298,1190.55,-1.0599999999999454,34.87791197,-2.0,1.0,0.0,1000.0,0.0,1000.0
1668399115.8089464,1191.49,0.9400000000000546,41.74689793,-2.0,1.0,0.0,1000.0,0.0,1000.0
1668399175.9684613,1191.92,0.4300000000000636,44.51200448,-2.0,1.0,0.0,1000.0,0.0,1000.0
1668399235.9082358,1191.9,-0.0199999999999818,44.42746311,-2.0,1.0,0.0,1000.0,0.0,1000.0
1668399296.050836,1191.38,-0.5199999999999818,42.08351132,-2.0,1.0,0.0,1000.0,0.0,1000.0
1668399355.8957486,1190.83,-0.5500000000001819,39.99421638,-2.0,1.0,0.0,1000.0,0.0,1000.0
1668399415.7790434,1190.21,-0.6199999999998909,38.89160786,-2.0,1.0,0.0,1000.0,0.0,1000.0
1668399475.8306842,1188.38,-1.8299999999999272,31.28173396,-1.0,1.0,0.0,1000.0,0.0,1000.0
1668399536.0996804,1185.62,-2.7600000000002183,24.32300479,-1.0,1.0,0.0,1000.0,0.0,1000.0
1668399595.976679,1183.83,-1.7899999999999636,27.70405326,-1.0,1.0,0.0,1000.0,0.0,1000.0
1668399656.0072694,1183.25,-0.5799999999999272,29.83930369,-1.0,1.0,0.0,1000.0,0.0,1000.0
1668399715.9954774,1183.9,0.650000000000091,32.62787455,-1.0,1.0,0.0,1000.0,0.0,1000.0
1668399776.0551343,1185.5,1.599999999999909,38.45652871,2.0,0.0,1.0,0.0,0.8435259384226065,1000.0
1668399836.1118443,1184.04,-1.4600000000000364,35.38737828,2.0,0.0,1.0,0.0,0.8435259384226065,998.7684521299028
1668399896.0606658,1185.99,1.9500000000000453,40.63883496,2.0,0.0,1.0,0.0,0.8435259384226065,1000.4133277098272
1668399956.852203,1186.21,0.2200000000000272,41.72869348,2.0,0.0,1.0,0.0,0.8435259384226065,1000.59890341628
1668400015.9370697,1184.6,-1.610000000000127,36.21947324,2.0,0.0,1.0,0.0,0.8435259384226065,999.2408266554196
1668400075.9082637,1185.31,0.7100000000000364,40.02219454,2.0,0.0,1.0,0.0,0.8435259384226065,999.8397300716996
1668400135.9447677,1184.88,-0.4299999999998363,38.67683732,2.0,0.0,1.0,0.0,0.8435259384226065,999.477013918178
1668400196.0362475,1184.04,-0.8400000000001455,35.03704078,2.0,0.0,1.0,0.0,0.8435259384226065,998.7684521299028
1668400255.899041,1181.89,-2.149999999999864,30.59857855,2.0,0.0,1.0,0.0,0.8435259384226065,996.9548713622944
1668400316.047052,1185.49,3.599999999999909,45.33485147,2.0,0.0,1.0,0.0,0.8435259384226065,999.9915647406158
1668400375.9750905,1186.59,1.099999999999909,48.99675781,2.0,0.0,1.0,0.0,0.8435259384226065,1000.9194432728806
1668400436.6273785,1186.94,0.3500000000001364,49.96980774,2.0,0.0,1.0,0.0,0.8435259384226065,1001.2146773513284
1668400496.1062431,1186.44,-0.5,48.25310071,2.0,0.0,1.0,0.0,0.8435259384226065,1000.7929143821171
1668400555.9302402,1185.54,-0.900000000000091,45.52059529,2.0,0.0,1.0,0.0,0.8435259384226065,1000.0337410375369
1668400615.940421,1183.37,-2.1700000000000728,39.58501086,2.0,0.0,1.0,0.0,0.8435259384226065,998.2032897511598
1668400676.0258975,1182.64,-0.7299999999997908,37.81664141,2.0,0.0,1.0,0.0,0.8435259384226065,997.5875158161114
1668400735.934545,1181.45,-1.1900000000000546,35.00592149,2.0,0.0,1.0,0.0,0.8435259384226065,996.5837199493884
1668400796.175217,1181.59,0.1399999999998726,35.3530647,2.0,0.0,1.0,0.0,0.8435259384226065,996.7018135807676
1668400855.9463727,1180.16,-1.4299999999998363,32.06197288,2.0,0.0,1.0,0.0,0.8435259384226065,995.4955714888232
1668400917.286744,1181.02,0.8599999999999,35.88290676,2.0,0.0,1.0,0.0,0.8435259384226065,996.2210037958666
1668400976.0206954,1178.84,-2.180000000000064,30.162716,2.0,0.0,1.0,0.0,0.8435259384226065,994.3821172501054
1668401035.9412255,1178.63,-0.209999999999809,34.17355513,2.0,0.0,1.0,0.0,0.8435259384226065,994.2049768030369
1668401096.0154638,1177.77,-0.8600000000001273,31.65538042,2.0,0.0,1.0,0.0,0.8435259384226065,993.4795444959932
1668401156.0437255,1178.0,0.2300000000000182,32.5833452,2.0,0.0,1.0,0.0,0.8435259384226065,993.6735554618303
1668401216.0049922,1179.96,1.9600000000000364,40.24593743,2.0,0.0,1.0,0.0,0.8435259384226065,995.3268663011388
1668401275.952576,1179.87,-0.0900000000001455,40.21915868,2.0,0.0,1.0,0.0,0.8435259384226065,995.2509489666808
1668401335.9249156,1180.34,0.4700000000000273,42.28834321,2.0,0.0,1.0,0.0,0.8435259384226065,995.6474061577392
1668401397.3028996,1180.86,0.5199999999999818,44.24881512,2.0,0.0,1.0,0.0,0.8435259384226065,996.086039645719
1668401456.0358834,1181.87,1.009999999999991,47.80680584,2.0,0.0,1.0,0.0,0.8435259384226065,996.938000843526
1668401515.9991102,1181.45,-0.4199999999998454,46.82899537,2.0,0.0,1.0,0.0,0.8435259384226065,996.5837199493884
1668401575.963664,1180.7,-0.75,44.58776225,2.0,0.0,1.0,0.0,0.8435259384226065,995.9510754955716
1668401636.6865728,1179.87,-0.8300000000001546,42.17924236,2.0,0.0,1.0,0.0,0.8435259384226065,995.2509489666808
1668401696.0000582,1181.25,1.3800000000001091,47.37638659,2.0,0.0,1.0,0.0,0.8435259384226065,996.415014761704
1668401756.113059,1182.9,1.650000000000091,52.69702068,2.0,0.0,1.0,0.0,0.8435259384226065,997.8068325601012
1668401816.0610332,1183.25,0.349999999999909,53.54547893,2.0,0.0,1.0,0.0,0.8435259384226065,998.1020666385492
1668401877.3324194,1183.57,0.3199999999999363,54.38781517,2.0,0.0,1.0,0.0,0.8435259384226065,998.3719949388444
1668401935.9740322,1185.73,2.160000000000082,59.95482706,2.0,0.0,1.0,0.0,0.8435259384226065,1000.1940109658372
1668401996.023487,1186.19,0.4600000000000364,61.13695045,2.0,0.0,1.0,0.0,0.8435259384226065,1000.5820328975116
1668402055.9890592,1184.99,-1.2000000000000457,57.27321824,2.0,0.0,1.0,0.0,0.8435259384226065,999.5698017714044
1668402115.8935971,1185.52,0.5299999999999727,59.07438216,2.0,0.0,1.0,0.0,0.8435259384226065,1000.0168705187684
1668402175.884938,1186.33,0.8099999999999454,61.41666478,2.0,0.0,1.0,0.0,0.8435259384226065,1000.7001265288908
1668402236.0616777,1186.57,0.2400000000000091,61.67886026,2.0,0.0,1.0,0.0,0.8435259384226065,1000.9025727541122
1668402296.1983676,1187.19,0.6200000000001182,63.82269067,2.0,0.0,1.0,0.0,0.8435259384226065,1001.4255588359342
1668402356.755212,1185.53,-1.660000000000082,56.23258301,2.0,0.0,1.0,0.0,0.8435259384226065,1000.0253057781526
1668402416.1125026,1185.49,-0.0399999999999636,56.04909022,2.0,0.0,1.0,0.0,0.8435259384226065,999.9915647406158
1668402476.0978606,1185.6,0.1099999999998999,56.26618395,2.0,0.0,1.0,0.0,0.8435259384226065,1000.084352593842
1668402536.2940238,1186.96,1.360000000000127,60.99862304,2.0,0.0,1.0,0.0,0.8435259384226065,1001.2315478700972
1668402596.0363634,1187.19,0.2300000000000182,60.83175904,2.0,0.0,1.0,0.0,0.8435259384226065,1001.4255588359342
1668402655.9387438,1187.15,-0.0399999999999636,60.58119787,2.0,0.0,1.0,0.0,0.8435259384226065,1001.3918177983974
1668402716.206035,1186.63,-0.5199999999999818,57.87272506,2.0,0.0,1.0,0.0,0.8435259384226065,1000.9531843104176
1668402776.0687068,1185.44,-1.1900000000000546,52.25278766,2.0,0.0,1.0,0.0,0.8435259384226065,999.9493884436948
1668402836.7357728,1186.78,1.339999999999918,58.09354551,2.0,0.0,1.0,0.0,0.8435259384226065,1001.0797132011808
1668402896.1511586,1185.9,-0.8799999999998818,53.59391394,2.0,0.0,1.0,0.0,0.8435259384226065,1000.3374103753692
1668402956.2520404,1186.36,0.459999999999809,55.82932556,2.0,0.0,1.0,0.0,0.8435259384226065,1000.7254323070432
1668403016.0071385,1186.33,-0.0299999999999727,55.63190146,2.0,0.0,1.0,0.0,0.8435259384226065,1000.7001265288908
1668403076.0255167,1187.0,0.6700000000000728,58.95611367,2.0,0.0,1.0,0.0,0.8435259384226065,1001.265288907634
1668403135.9580414,1187.45,0.4500000000000455,61.04952476,2.0,0.0,1.0,0.0,0.8435259384226065,1001.644875579924
1668403195.9914212,1188.08,0.6299999999998818,63.7773378,2.0,0.0,1.0,0.0,0.8435259384226065,1002.1762969211304
1668403256.1115289,1188.56,0.4800000000000182,65.77687231,2.0,0.0,1.0,0.0,0.8435259384226065,1002.5811893715731
1668403317.2115517,1188.63,0.0700000000001637,63.71168877,2.0,0.0,1.0,0.0,0.8435259384226065,1002.6402361872628
1668403376.0178344,1188.24,-0.3900000000001,60.79341922,2.0,0.0,1.0,0.0,0.8435259384226065,1002.311261071278
1668403436.2980344,1188.94,0.7000000000000455,64.59294489,2.0,0.0,1.0,0.0,0.8435259384226065,1002.9017292281738
1668403496.0299847,1188.26,-0.6800000000000637,60.50993248,2.0,0.0,1.0,0.0,0.8435259384226065,1002.3281315900464
1668403556.327229,1187.95,-0.3099999999999454,58.52594628,2.0,0.0,1.0,0.0,0.8435259384226065,1002.0666385491354
1668403616.0438263,1187.61,-0.3400000000001455,55.85838646,2.0,0.0,1.0,0.0,0.8435259384226065,1001.7798397300716
1668403676.1398883,1186.87,-0.7400000000000091,50.25409903,2.0,0.0,1.0,0.0,0.8435259384226065,1001.1556305356388
1668403736.0052254,1187.15,0.2800000000002001,52.13187339,2.0,0.0,1.0,0.0,0.8435259384226065,1001.3918177983974
1668403796.433818,1185.89,-1.259999999999991,44.04021562,2.0,0.0,1.0,0.0,0.8435259384226065,1000.3289751159848
1668403856.202453,1186.07,0.1799999999998363,45.01588659,2.0,0.0,1.0,0.0,0.8435259384226065,1000.4808097849008
1668403916.1252832,1187.02,0.9500000000000456,52.24503675,2.0,0.0,1.0,0.0,0.8435259384226065,1001.2821594264024
1668403976.070101,1187.62,0.599999999999909,56.05600769,2.0,0.0,1.0,0.0,0.8435259384226065,1001.7882749894558
1668404036.3048868,1186.91,-0.709999999999809,50.63126247,2.0,0.0,1.0,0.0,0.8435259384226065,1001.189371573176
1668404096.4339895,1183.96,-2.950000000000045,35.39494624,2.0,0.0,1.0,0.0,0.8435259384226065,998.7009700548292
1668404156.0112216,1182.45,-1.509999999999991,30.25300906,2.0,0.0,1.0,0.0,0.8435259384226065,997.4272458878112
1668404216.2411735,1183.13,0.6800000000000637,39.67181622,2.0,0.0,1.0,0.0,0.8435259384226065,998.0008435259384
1668404276.0573585,1185.14,2.009999999999991,47.45978282,2.0,0.0,1.0,0.0,0.8435259384226065,999.696330662168
1668404336.015278,1185.95,0.8099999999999454,50.50038113,2.0,0.0,1.0,0.0,0.8435259384226065,1000.3795866722902
1668404396.066378,1184.78,-1.1700000000000728,46.6367999,2.0,0.0,1.0,0.0,0.8435259384226065,999.3926613243356
1668404456.3461664,1183.01,-1.7699999999999818,41.63879049,2.0,0.0,1.0,0.0,0.8435259384226065,997.8996204133276
1668404516.3109007,1180.78,-2.230000000000018,36.26151849,2.0,0.0,1.0,0.0,0.8435259384226065,996.0185575706452
1668404576.3425756,1178.99,-1.7899999999999636,32.76124369,2.0,0.0,1.0,0.0,0.8435259384226065,994.5086461408688
1668404636.1666815,1180.04,1.0499999999999543,36.22871948,2.0,0.0,1.0,0.0,0.8435259384226065,995.3943483762124
1668404696.1091726,1179.77,-0.2699999999999818,38.58015909,2.0,0.0,1.0,0.0,0.8435259384226065,995.1665963728384
1668404756.187019,1181.85,2.0799999999999272,45.03973273,2.0,0.0,1.0,0.0,0.8435259384226065,996.9211303247574
1668404816.2369108,1176.75,-5.099999999999909,32.41937939,2.0,0.0,1.0,0.0,0.8435259384226065,992.6191480388022
1668404876.3896868,1178.23,1.4800000000000182,36.51963806,2.0,0.0,1.0,0.0,0.8435259384226065,993.8675664276676
1668404936.1876438,1182.53,4.2999999999999545,49.21711772,2.0,0.0,1.0,0.0,0.8435259384226065,997.4947279628848
1668404996.077832,1182.02,-0.5099999999999909,48.00157501,2.0,0.0,1.0,0.0,0.8435259384226065,997.0645297342892
1668405056.024684,1182.57,0.5499999999999545,49.57046527,2.0,0.0,1.0,0.0,0.8435259384226065,997.5284690004216
1668405116.9434829,1182.85,0.2799999999999727,50.46511142,2.0,0.0,1.0,0.0,0.8435259384226065,997.76465626318
1668405176.2291017,1182.27,-0.5799999999999272,48.71306185,2.0,0.0,1.0,0.0,0.8435259384226065,997.275411218895
1668405236.5831697,1183.78,1.509999999999991,53.37563237,2.0,0.0,1.0,0.0,0.8435259384226065,998.5491353859132
1668405296.396304,1184.19,0.4100000000000818,54.53135038,2.0,0.0,1.0,0.0,0.8435259384226065,998.8949810206664
1668405356.250076,1182.5,-1.6900000000000546,48.90934863,2.0,0.0,1.0,0.0,0.8435259384226065,997.469422184732
1668405416.2278888,1182.01,-0.4900000000000091,47.22112027,2.0,0.0,1.0,0.0,0.8435259384226065,997.0560944749052
1668405476.2382934,1182.74,0.7300000000000182,49.59259268,2.0,0.0,1.0,0.0,0.8435259384226065,997.6718684099536
1668405536.0594623,1182.44,-0.2999999999999545,48.91043601,2.0,0.0,1.0,0.0,0.8435259384226065,997.4188106284269
1668405596.7057393,1182.47,0.0299999999999727,49.02107513,2.0,0.0,1.0,0.0,0.8435259384226065,997.4441164065796
1668405656.1562648,1180.0,-2.470000000000028,41.25997798,2.0,0.0,1.0,0.0,0.8435259384226065,995.3606073386755
1668405716.3154993,1184.25,4.25,55.17678764,2.0,0.0,1.0,0.0,0.8435259384226065,998.9455925769718
1668405776.237845,1183.36,-0.8900000000001,52.25801096,2.0,0.0,1.0,0.0,0.8435259384226065,998.1948544917756
1668405836.3711708,1182.81,-0.5499999999999545,50.31022617,2.0,0.0,1.0,0.0,0.8435259384226065,997.7309152256432
1668405896.2307892,1183.95,1.1400000000001,54.15024286,2.0,0.0,1.0,0.0,0.8435259384226065,998.692534795445
1668405956.3237555,1184.72,0.7699999999999818,56.38039028,2.0,0.0,1.0,0.0,0.8435259384226065,999.3420497680304
1668406016.213848,1183.56,-1.160000000000082,51.7035748,2.0,0.0,1.0,0.0,0.8435259384226065,998.36355967946
1668406076.2435997,1183.1,-0.4600000000000364,49.98511488,2.0,0.0,1.0,0.0,0.8435259384226065,997.9755377477856
1668406136.3392866,1182.75,-0.349999999999909,49.07439459,2.0,0.0,1.0,0.0,0.8435259384226065,997.6803036693378
1668406196.186725,1184.8,2.0499999999999545,55.74777356,2.0,0.0,1.0,0.0,0.8435259384226065,999.409531843104
1668406256.1036792,1184.7,-0.099999999999909,55.18565475,2.0,0.0,1.0,0.0,0.8435259384226065,999.325179249262
1668406316.2037418,1183.66,-1.0399999999999636,51.37247726,2.0,0.0,1.0,0.0,0.8435259384226065,998.4479122733024
1668406376.3930256,1181.16,-2.5,43.78458305,2.0,0.0,1.0,0.0,0.8435259384226065,996.339097427246
1668406436.4773967,1178.66,-2.5,37.66286821,2.0,0.0,1.0,0.0,0.8435259384226065,994.2302825811894
1668406496.4239893,1178.08,-0.5800000000001546,36.52172765,2.0,0.0,1.0,0.0,0.8435259384226065,993.7410375369042
1668406556.3903725,1179.38,1.300000000000182,41.17429602,2.0,0.0,1.0,0.0,0.8435259384226065,994.8376212568536
1668406617.265148,1179.46,0.0799999999999272,41.50807828,2.0,0.0,1.0,0.0,0.8435259384226065,994.9051033319274
1668406677.389932,1181.2,1.740000000000009,47.60637609,2.0,0.0,1.0,0.0,0.8435259384226065,996.3728384647828
1668406737.2650762,1184.43,3.230000000000018,56.490422,2.0,0.0,1.0,0.0,0.8435259384226065,999.0974272458878
1668406798.1600108,1182.73,-1.7000000000000457,51.61767685,2.0,0.0,1.0,0.0,0.8435259384226065,997.6634331505694
1668406858.126442,1180.01,-2.720000000000028,44.31217647,2.0,0.0,1.0,0.0,0.8435259384226065,995.36904259806
1668406918.1728983,1182.05,2.039999999999964,49.76770381,2.0,0.0,1.0,0.0,0.8435259384226065,997.089835512442
1668406978.8797898,1180.86,-1.1900000000000546,46.47278027,2.0,0.0,1.0,0.0,0.8435259384226065,996.086039645719
1668407039.6763148,1180.66,-0.1999999999998181,45.99566386,2.0,0.0,1.0,0.0,0.8435259384226065,995.9173344580346
1668407098.8654978,1182.15,1.490000000000009,50.62018973,2.0,0.0,1.0,0.0,0.8435259384226065,997.1741881062844
1668407159.8217323,1183.28,1.1299999999998818,53.49312798,2.0,0.0,1.0,0.0,0.8435259384226065,998.1273724167016
1668407219.6668327,1182.71,-0.5699999999999363,51.59098548,2.0,0.0,1.0,0.0,0.8435259384226065,997.646562631801
1668407279.7515783,1183.81,1.099999999999909,54.86094381,2.0,0.0,1.0,0.0,0.8435259384226065,998.5744411640658
1668407340.5720296,1183.87,0.0599999999999454,55.05454621,2.0,0.0,1.0,0.0,0.8435259384226065,998.6250527203712
1668407400.4659216,1184.26,0.3900000000001,56.19733304,2.0,0.0,1.0,0.0,0.8435259384226065,998.954027836356
1668407460.9250822,1184.67,0.4100000000000818,57.45521626,2.0,0.0,1.0,0.0,0.8435259384226065,999.2998734711092
1668407521.2022872,1185.27,0.599999999999909,59.37270487,2.0,0.0,1.0,0.0,0.8435259384226065,999.8059890341628
1668407581.784303,1184.58,-0.6900000000000546,56.12974362,2.0,0.0,1.0,0.0,0.8435259384226065,999.2239561366512
1668407641.2340026,1185.88,1.300000000000182,61.08071964,2.0,0.0,1.0,0.0,0.8435259384226065,1000.3205398566008
1668407702.360492,1186.2,0.3199999999999363,62.13331965,2.0,0.0,1.0,0.0,0.8435259384226065,1000.590468156896
1668407762.4130466,1185.83,-0.3700000000001182,59.74111053,2.0,0.0,1.0,0.0,0.8435259384226065,1000.2783635596794
1668407822.2615771,1187.21,1.3800000000001091,64.76479505,2.0,0.0,1.0,0.0,0.8435259384226065,1001.4424293547028
1668407883.127746,1186.98,-0.2300000000000182,63.26049797,2.0,0.0,1.0,0.0,0.8435259384226065,1001.2484183888656
1668407943.1121345,1187.5,0.5199999999999818,64.22899489,2.0,0.0,1.0,0.0,0.8435259384226065,1001.6870518768452
1668408003.1686237,1187.79,0.2899999999999636,63.38398156,2.0,0.0,1.0,0.0,0.8435259384226065,1001.9316743989878
1668408064.075931,1188.68,0.8900000000001,67.34320779,1.0,0.0,1.0,0.0,0.8435259384226065,1002.682412484184
1668408124.70993,1197.55,8.86999999999989,81.96318439,1.0,0.0,1.0,0.0,0.8435259384226065,1010.1644875579924
1668408184.00362,1206.74,9.190000000000056,87.90981082,1.0,0.0,1.0,0.0,0.8435259384226065,1017.9164909320962
1668408245.4964845,1214.79,8.049999999999955,90.94403254,1.0,0.0,1.0,0.0,0.8435259384226065,1024.706874736398
1668408305.306891,1216.08,1.2899999999999636,81.19359527,1.0,0.0,1.0,0.0,0.8435259384226065,1025.7950231969633
1668408365.3283513,1217.16,1.0800000000001546,78.51827087,1.0,0.0,1.0,0.0,0.8435259384226065,1026.7060312104595
1668408426.2242763,1210.62,-6.540000000000191,71.27476662,1.0,0.0,1.0,0.0,0.8435259384226065,1021.1893715731758
1668408486.2828305,1210.39,-0.2299999999997908,69.55167541,1.0,0.0,1.0,0.0,0.8435259384226065,1020.9953606073389
1668408546.1274416,1213.94,3.5499999999999545,71.99719457,1.0,0.0,1.0,0.0,0.8435259384226065,1023.9898776887388
1668408608.7753253,1219.55,5.6099999999999,75.52169068,1.0,0.0,1.0,0.0,0.8435259384226065,1028.7220582032896
1668408667.1014333,1223.55,4.0,77.2182035,1.0,0.0,1.0,0.0,0.8435259384226065,1032.09616195698
1668408727.0003672,1222.57,-0.9800000000000182,75.47178449,1.0,0.0,1.0,0.0,0.8435259384226065,1031.269506537326
1668408787.778177,1232.83,10.259999999999993,80.31936342,1.0,0.0,1.0,0.0,0.8435259384226065,1039.9240826655418
1668408848.076328,1231.2,-1.6299999999998818,79.05866876,1.0,0.0,1.0,0.0,0.8435259384226065,1038.5491353859131
1668408907.663861,1229.41,-1.7899999999999636,75.90846758,1.0,0.0,1.0,0.0,0.8435259384226065,1037.0392239561368
1668408968.907949,1227.14,-2.269999999999982,72.16407358,1.0,0.0,1.0,0.0,0.8435259384226065,1035.1244200759174
1668409028.6853254,1230.31,3.1699999999998454,74.15124948,1.0,0.0,1.0,0.0,0.8435259384226065,1037.798397300717
1668409089.1629255,1231.01,0.7000000000000455,74.5851884,1.0,0.0,1.0,0.0,0.8435259384226065,1038.3888654576128
1668409149.515196,1232.83,1.8199999999999363,74.748,,,,,,
1668622944.048421,1215.49,-17.339999999999918,48.62385029,,,,,,
1668623020.416553,1214.84,-0.650000000000091,45.56067539,,,,,,
1668623064.0418086,1214.77,-0.0699999999999363,45.23060199,,,,,,
1668623123.9884148,1214.25,-0.5199999999999818,42.74929071,,,,,,
1668623184.0290515,1215.0,0.75,47.23693525,,,,,,
1668623244.022776,1215.46,0.4600000000000364,49.83631867,,,,,,
1668623303.99774,1215.82,0.3599999999998999,51.83871222,,,,,,
1668623363.9344587,1215.8,-0.0199999999999818,51.71044383,,,,,,
1668623423.920079,1215.46,-0.3399999999999181,49.55486709,,,,,,
1668623484.004733,1214.82,-0.6400000000001,45.6825194,,,,,,
1668623543.9591582,1214.83,0.0099999999999909,45.75930517,,,,,,
1668623603.9926288,1213.82,-1.009999999999991,40.01745336,,,,,,
1668623664.5414932,1212.66,-1.1599999999998545,34.64656973,,,,,,
1668623724.1936543,1212.71,0.0499999999999545,35.04760262,,,,,,
1668623783.8471386,1213.9,1.1900000000000546,43.93371194,,,,,,
1668623844.1686988,1213.05,-0.8500000000001364,39.77722999,,,,,,
1668623903.8888402,1211.98,-1.0699999999999363,35.24309649,,,,,,
1668623964.1632028,1210.51,-1.4700000000000273,30.11108156,,,,,,
1668624024.060809,1211.28,0.7699999999999818,35.38321768,,,,,,
1668624084.0761385,1210.73,-0.5499999999999545,33.44183138,,,,,,
1668624144.6136086,1210.59,-0.1400000000001,32.98776747,,,,,,
1668624204.0358474,1210.84,0.25,34.84599812,,,,,,
1668624263.9175456,1210.82,-0.0199999999999818,34.76916399,,,,,,
1668624324.0103483,1211.01,0.1900000000000545,36.32318714,,,,,,
1668624384.3073623,1211.35,0.3399999999999181,39.10753423,,,,,,
1668624444.0443316,1211.87,0.5199999999999818,43.19836928,,,,,,
1668624504.155022,1211.19,-0.6799999999998363,39.49722396,,,,,,
1668624563.9814098,1210.91,-0.2799999999999727,38.01143395,,,,,,
1668624624.4861348,1210.59,-0.3200000000001637,36.35562461,,,,,,
1668624684.4381025,1209.85,-0.7400000000000091,32.85739202,,,,,,
1668624743.9058833,1210.92,1.0700000000001637,41.70426033,,,,,,
1668624804.0262067,1211.02,0.099999999999909,42.47247708,,,,,,
1668624864.0648105,1211.77,0.75,47.96830281,,,,,,
1668624924.0031905,1211.98,0.2100000000000363,49.42521715,,,,,,
1668624983.943227,1211.49,-0.4900000000000091,46.1714795,,,,,,
1668625043.99256,1211.44,-0.0499999999999545,45.83532248,,,,,,
1668625104.7199562,1210.25,-1.1900000000000546,38.71944346,,,,,,
1668625163.9899592,1211.17,0.9200000000000728,45.73892703,,,,,,
1668625224.126286,1211.1,-0.0700000000001637,45.31955136,,,,,,
1668625284.1292045,1210.52,-0.5799999999999272,41.82452042,,,,,,
1668625344.0726185,1210.27,-0.25,40.38580976,,,,,,
1668625403.8970268,1209.81,-0.4600000000000364,37.8490234,,,,,,
1668625464.155668,1209.69,-0.1199999999998908,37.19139337,,,,,,
1668625524.1405833,1210.08,0.3899999999998726,40.83484045,,,,,,
1668625584.4661458,1205.77,-4.309999999999945,24.12760075,,,,,,
1668625643.9913,1204.62,-1.150000000000091,21.59179618,,,,,,
1668625704.134442,1204.85,0.2300000000000182,23.37693787,,,,,,
1668625763.97672,1206.33,1.4800000000000182,33.52021981,,,,,,
1668625823.9788525,1205.34,-0.9900000000000092,30.58938179,,,,,,
1668625884.0259306,1203.9,-1.4399999999998272,26.90451265,,,,,,
1668625943.98459,1202.05,-1.8500000000001364,23.10713759,,,,,,
1668626004.242167,1200.6,-1.4500000000000457,20.57944668,,,,,,
1668626064.6978126,1200.98,0.3800000000001091,22.88283972,,,,,,
1668626124.0796337,1200.7,-0.2799999999999727,22.31385222,,,,,,
1668626184.3098426,1201.56,0.8599999999999,27.8240341,,,,,,
1668626244.1400058,1202.2,0.6400000000001,31.6506612,,,,,,
1668626304.095182,1202.21,0.0099999999999909,31.74272626,,,,,,
1668626364.1474998,1203.24,1.0299999999999727,37.91831318,,,,,,
1668626424.085738,1203.37,0.1299999999998817,38.65153569,,,,,,
1668626483.961106,1204.78,1.410000000000082,46.28974119,,,,,,
1668626544.1367388,1205.16,0.3800000000001091,48.1629121,,,,,,
1668626604.10066,1205.1,-0.0600000000001728,47.87897812,,,,,,
1668626664.1002605,1205.62,0.5199999999999818,50.59215692,,,,,,
1668626724.3826506,1204.84,-0.7799999999999727,46.66862768,,,,,,
1668626783.9923298,1206.21,1.3700000000001182,53.49108125,,,,,,
1668626844.0759828,1206.37,0.1599999999998544,54.22753625,,,,,,
1668626904.1128814,1206.0,-0.3699999999998908,52.17022907,,,,,,
1668626964.1614287,1205.7,-0.2999999999999545,50.49739651,,,,,,
1668627024.072417,1205.99,0.2899999999999636,52.10053938,,,,,,
1668627085.0729868,1203.51,-2.480000000000018,40.13748651,,,,,,
1668627144.1281834,1203.5,-0.0099999999999909,40.0944197,,,,,,
1668627204.166616,1202.0,-1.5,34.5359511,,,,,,
1668627264.3062377,1203.45,1.4500000000000457,42.79611242,,,,,,
1668627324.082996,1203.55,0.099999999999909,43.33620812,,,,,,
1668627384.1620517,1203.33,-0.2200000000000272,42.40570333,,,,,,
1668627444.1620734,1203.7,0.3700000000001182,44.56598187,,,,,,
1668627504.2970402,1205.16,1.4600000000000364,52.17680259,,,,,,
1668627564.2581682,1208.26,3.099999999999909,63.5986707,,,,,,
1668627624.2408657,1206.47,-1.7899999999999636,55.36935009,,,,,,
1668627684.0321696,1207.74,1.2699999999999818,59.37703191,,,,,,
1668627744.1019294,1207.46,-0.2799999999999727,58.13417253,,,,,,
1668627804.2615368,1208.9,1.4400000000000546,62.49073307,,,,,,
1668627864.4286828,1207.69,-1.2100000000000364,57.12280368,,,,,,
1668627924.299353,1206.28,-1.410000000000082,51.56747843,,,,,,
1668627984.5875783,1206.9,0.6200000000001182,53.69156546,,,,,,
1668628044.311572,1206.33,-0.5700000000001637,51.45214873,,,,,,
1668628104.101241,1207.32,0.9900000000000092,54.9680145,,,,,,
1668628164.1773124,1206.55,-0.7699999999999818,51.82640238,,,,,,
1668628224.0432522,1206.85,0.2999999999999545,52.95287768,,,,,,
1668628284.044777,1207.95,1.1000000000001364,56.95056531,,,,,,
1668628344.16443,1209.02,1.0699999999999363,60.46793377,,,,,,
1668628404.0773911,1209.14,0.1200000000001182,60.83251536,,,,,,
1668628465.0462286,1208.6,-0.540000000000191,58.07753951,,,,,,
1668628524.293072,1207.53,-1.0699999999999363,52.9907965,,,,,,
1668628584.3781493,1208.55,1.0199999999999818,56.8782034,,,,,,
1668628644.3019116,1209.14,0.5900000000001455,58.99069987,,,,,,
1668628704.421795,1208.85,-0.290000000000191,57.49964047,,,,,,
1668628764.3584116,1209.26,0.4100000000000818,59.07461911,,,,,,
1668628824.5312705,1208.7,-0.5599999999999454,56.01697645,,,,,,
1668628884.26078,1207.36,-1.3400000000001455,49.43713421,,,,,,
1668628944.709733,1208.67,1.3100000000001728,54.98421766,,,,,,
1668629004.189968,1207.46,-1.2100000000000364,49.56925193,,,,,,
1668629064.2092316,1206.62,-0.8400000000001455,46.17191848,,,,,,
1668629124.2165346,1206.16,-0.459999999999809,44.37529953,,,,,,
1668629184.5793753,1206.74,0.5799999999999272,47.16099225,,,,,,
1668629244.6163092,1206.55,-0.1900000000000545,46.33051398,,,,,,
1668629304.1757452,1206.28,-0.2699999999999818,45.12689603,,,,,,
1668629364.248796,1205.72,-0.5599999999999454,42.65193038,,,,,,
1668629424.6737232,1205.47,-0.25,41.55619385,,,,,,
1668629484.3364007,1206.39,0.9200000000000728,46.95913545,,,,,,
1668629544.1386814,1206.42,0.0299999999999727,47.12415032,,,,,,
1668629604.4152925,1206.49,0.0699999999999363,47.5504745,,,,,,
1668629664.436793,1206.48,-0.0099999999999909,47.48703948,,,,,,
1668629724.2623582,1206.24,-0.2400000000000091,46.02943134,,,,,,
1668629784.2888095,1206.75,0.5099999999999909,49.59434594,,,,,,
1668629844.3373754,1205.01,-1.740000000000009,39.94894744,,,,,,
1668629904.8794634,1206.55,1.5399999999999636,49.3442167,,,,,,
1668629964.3661833,1206.26,-0.2899999999999636,47.82674232,,,,,,
1668630024.252615,1206.44,0.1800000000000636,48.87593612,,,,,,
1668630084.3399982,1205.94,-0.5,46.10438083,,,,,,
1668630144.304474,1205.46,-0.4800000000000182,43.55118375,,,,,,
1668630204.2539928,1205.66,0.2000000000000454,44.92502655,,,,,,
1668630264.3315997,1205.52,-0.1400000000001,44.09920344,,,,,,
1668630324.484181,1205.62,0.099999999999909,44.85409258,,,,,,
1668630384.298874,1205.35,-0.2699999999999818,43.11772528,,,,,,
1668630444.335461,1205.72,0.3700000000001182,46.17325908,,,,,,
1668630504.150469,1207.2,1.4800000000000182,56.2752288,,,,,,
1668630564.227767,1207.7,0.5,59.03971632,,,,,,
1668630624.3432474,1207.65,-0.0499999999999545,58.6312114,,,,,,
1668630684.2711244,1209.55,1.899999999999864,67.69250699,,,,,,
1668630744.2568789,1210.71,1.160000000000082,71.69877309,,,,,,
1668630804.50535,1209.05,-1.660000000000082,60.08511472,,,,,,
1668630864.399877,1206.22,-2.8299999999999272,46.31736419,,,,,,
1668630924.3695064,1206.0,-0.2200000000000272,45.45694372,,,,,,
1668630984.3504105,1207.76,1.759999999999991,53.05869162,,,,,,
1668631044.3273697,1207.86,0.099999999999909,53.45544906,,,,,,
1668631104.3463683,1207.33,-0.5299999999999727,50.99530447,,,,,,
1668631164.238089,1207.15,-0.1799999999998363,50.1543752,,,,,,
1668631224.2895312,1207.36,0.209999999999809,51.16806985,,,,,,
1668631285.259096,1207.34,-0.0199999999999818,51.06156494,,,,,,
1668631344.2804124,1208.81,1.4700000000000273,57.98397831,,,,,,
1668631404.152905,1208.37,-0.4400000000000545,55.45542833,,,,,,
1668631464.3810852,1209.27,0.900000000000091,59.35933031,,,,,,
1668631524.1729834,1210.29,1.0199999999999818,63.25671211,,,,,,
1668631584.312614,1208.96,-1.3299999999999272,55.70481343,,,,,,
1668631644.3196957,1209.66,0.7000000000000455,58.48542128,,,,,,
1668631704.45182,1211.36,1.699999999999818,64.38959642,,,,,,
1668631765.4972684,1210.2,-1.1599999999998545,58.29938524,,,,,,
1668631824.167551,1210.61,0.4099999999998545,59.74627638,,,,,,
1668631884.306213,1210.43,-0.1799999999998363,58.79545194,,,,,,
1668631944.3523507,1210.34,-0.0900000000001455,58.27617006,,,,,,
1668632004.2519033,1211.02,0.6800000000000637,60.97858752,,,,,,
1668632064.2710457,1210.84,-0.1800000000000636,59.86500748,,,,,,
1668632124.105119,1210.99,0.1500000000000909,60.51216623,,,,,,
1668632184.261938,1210.52,-0.4700000000000273,57.38959685,,,,,,
1668632245.071384,1213.44,2.9200000000000728,68.32539117,,,,,,
1668632304.2811973,1212.49,-0.9500000000000456,62.68421298,,,,,,
1668632364.3348448,1212.09,-0.4000000000000909,60.42391294,,,,,,
1668632424.2856958,1212.53,0.4400000000000545,62.04517162,,,,,,
1668632484.2870436,1211.51,-1.0199999999999818,56.28013565,,,,,,
1668632544.4456224,1211.77,0.2599999999999909,57.36713433,,,,,,
1668632664.3911762,1211.79,0.0199999999999818,55.89917579,,,,,,
1668632904.2614882,1213.18,1.3900000000001,59.19612942,,,,,,
1668633024.2801783,1213.38,0.2000000000000454,59.51980789,,,,,,
1668633565.6787546,1210.11,-3.270000000000209,42.27552884,,,,,,
1668633625.7657964,1210.39,0.2800000000002001,43.81818152,,,,,,
1668633685.7602837,1208.96,-1.4300000000000637,55.70481343,,,,,,
1668633746.4899962,1210.86,1.899999999999864,46.81000964,,,,,,
1668633806.4538052,1210.59,-0.2699999999999818,45.72795321,,,,,,
1668633866.819888,1212.53,1.9400000000000543,62.04517162,,,,,,
1668633927.4035976,1210.19,-2.339999999999918,44.25241412,,,,,,
1668633987.5955548,1210.19,0.0,44.25241412,,,,,,
1668634047.360473,1209.53,-0.6600000000000819,41.40506115,,,,,,
1668634108.4228718,1209.27,-0.2599999999999909,40.27586832,,,,,,
1668634168.4042342,1209.42,0.1500000000000909,41.23367519,,,,,,
1668634228.3197482,1209.49,0.0699999999999363,41.72943096,,,,,,
1668634289.3487136,1208.58,-0.910000000000082,37.45179174,,,,,,
1668634349.081868,1208.15,-0.4299999999998363,35.59333937,,,,,,
1668634409.257115,1208.45,0.2999999999999545,37.90085955,,,,,,
1668634471.038442,1208.13,-0.3199999999999363,36.39718287,,,,,,
1668634531.2370872,1208.52,0.3899999999998726,39.51145145,,,,,,
1668634591.053628,1207.85,-0.6700000000000728,36.19612554,,,,,,
1668634651.8002834,1207.92,0.0700000000001637,36.79285481,,,,,,
1668634711.484209,1208.28,0.3599999999998999,39.91199031,,,,,,
1668634771.3504362,1207.92,-0.3599999999998999,37.86399853,,,,,,
1668634832.5050054,1207.92,0.0,37.85959937,,,,,,
1668634892.4000232,1208.04,0.1199999999998908,39.04449044,,,,,,
1668634952.3552458,1207.98,-0.0599999999999454,38.69261403,,,,,,
1668635013.1280837,1207.55,-0.4300000000000636,35.88583327,,,,,,
1668635073.286549,1207.01,-0.5399999999999636,32.68008074,,,,,,
1668635133.3247502,1207.03,0.0199999999999818,32.92888655,,,,,,
1668635194.3429806,1207.68,0.650000000000091,40.36596566,,,,,,
1668635254.329437,1208.04,0.3599999999998999,44.07574422,,,,,,
1668635314.8290246,1208.14,0.1000000000001364,45.07208574,,,,,,
1668635375.032446,1206.32,-1.820000000000164,33.21693051,,,,,,
1668635435.1099195,1206.33,0.0099999999999909,33.32863057,,,,,,
1668635495.163375,1207.46,1.1300000000001091,43.93889216,,,,,,
1668635555.9147809,1207.96,0.5,47.87042993,,,,,,
1668635616.020346,1207.65,-0.3099999999999454,45.74501787,,,,,,
1668635675.871991,1206.96,-0.6900000000000546,41.29819266,,,,,,
1668635736.8820086,1207.35,0.3899999999998726,44.5692481,,,,,,
1668635796.851948,1207.58,0.2300000000000182,46.46390693,,,,,,
1668635857.4139872,1207.93,0.3500000000001364,49.30366724,,,,,,
1668635917.6396196,1207.57,-0.3600000000001273,46.58439775,,,,,,
1668635977.7018533,1207.64,0.0700000000001637,47.19929049,,,,,,
1668636037.5728269,1207.22,-0.4200000000000727,43.95225519,,,,,,
1668636098.488892,1207.85,0.6299999999998818,49.54257797,,,,,,
1668636158.6064837,1208.09,0.2400000000000091,51.53297498,,,,,,
1668636218.4338105,1209.01,0.9200000000000728,58.32473736,,,,,,
1668636279.58443,1207.8,-1.2100000000000364,48.67459309,,,,,,
1668636339.4998348,1207.35,-0.4500000000000455,45.6380928,,,,,,
1668636400.2587218,1206.28,-1.0699999999999363,39.36373575,,,,,,
1668636460.1529946,1206.94,0.6600000000000819,44.42042776,,,,,,
1668636520.3448403,1207.96,1.0199999999999818,51.23068727,,,,,,
1668636580.215199,1208.76,0.7999999999999545,55.80557498,,,,,,
1668636641.0096712,1209.21,0.4500000000000455,57.07327811,,,,,,
1668636701.0453646,1209.2,-0.0099999999999909,56.78562874,,,,,,
1668636761.0458615,1209.06,-0.1400000000001,55.85075714,,,,,,
1668636821.8420424,1209.04,-0.0199999999999818,55.58478709,,,,,,
1668636882.707611,1208.83,-0.2100000000000363,53.70053319,,,,,,
1668636941.8730557,1208.78,-0.0499999999999545,53.35083851,,,,,,
1668637002.8416162,1208.39,-0.3899999999998726,50.42242927,,,,,,
1668637062.9919229,1206.84,-1.550000000000182,41.05326475,,,,,,
1668637122.8021524,1206.24,-0.599999999999909,38.06162791,,,,,,
1668637183.4834368,1208.19,1.9500000000000453,50.68452859,,,,,,
1668637243.8214223,1207.65,-0.5399999999999636,47.45354882,,,,,,
1668637303.6934595,1206.36,-1.290000000000191,40.80042686,,,,,,
1668637364.568231,1203.82,-2.539999999999964,35.80643608,,,,,,
1668637424.3251312,1204.0,0.1800000000000636,36.83509948,,,,,,
1668637484.4987988,1203.5,-0.5,36.11143341,,,,,,
1668637545.2129557,1203.89,0.3900000000001,38.47753753,,,,,,
1668637605.2516584,1204.17,0.2799999999999727,39.85580363,,,,,,
1668637665.356819,1204.16,-0.0099999999999909,40.09872031,,,,,,
1668637726.0618083,1204.29,0.1299999999998817,40.82715631,,,,,,
1668637786.2129374,1204.82,0.5299999999999727,43.67616176,,,,,,
1668637846.093477,1204.69,-0.1299999999998817,43.06552218,,,,,,
1668637906.775653,1203.34,-1.3500000000001364,37.34890421,,,,,,
1668637967.069511,1203.49,0.1500000000000909,38.51233464,,,,,,
1668638026.88759,1203.95,0.4600000000000364,41.33275571,,,,,,
1668638087.987177,1204.52,0.5699999999999363,44.83510649,,,,,,
1668638147.928879,1204.75,0.2300000000000182,46.24568063,,,,,,
1668638208.040312,1204.86,0.1099999999998999,46.94422172,,,,,,
1668638268.743259,1206.24,1.3800000000001091,54.61925666,,,,,,
1668638328.8386266,1205.49,-0.75,50.39087927,,,,,,
1668638388.678411,1205.85,0.3599999999998999,52.63218495,,,,,,
1668638449.6006126,1206.56,0.7100000000000364,56.80743022,,,,,,
1668638509.550591,1205.93,-0.6299999999998818,52.48417556,,,,,,
1668638569.8194706,1204.7,-1.2300000000000182,44.76314542,,,,,,
1668638630.2139423,1206.19,1.490000000000009,54.04357476,,,,,,
1668638690.2549815,1206.51,0.3199999999999363,55.77549897,,,,,,
1668638750.2719178,1205.87,-0.6400000000001,51.50814604,,,,,,
1668638811.3143709,1205.91,0.0400000000001909,51.75921464,,,,,,
1668638871.4361618,1205.75,-0.1600000000000818,50.55959606,,,,,,
1668638931.232341,1206.69,0.9400000000000546,56.87267267,,,,,,
1668638992.2955666,1207.87,1.1799999999998363,62.91249662,,,,,,
1668639052.139253,1208.72,0.8500000000001364,65.20985199,,,,,,
1668639112.3230958,1209.89,1.1700000000000728,70.74612187,,,,,,
1668639172.9733074,1209.55,-0.3400000000001455,66.28725694,,,,,,
1668639233.0295663,1213.26,3.710000000000037,76.17703682,,,,,,
1668639293.412768,1213.44,0.1800000000000636,76.65062762,,,,,,
1668639354.0481875,1212.74,-0.7000000000000455,71.26902909,,,,,,
1668639413.9830573,1212.37,-0.3700000000001182,68.77138149,,,,,,
1668639474.5485585,1213.75,1.3800000000001091,72.17373121,,,,,,
1668639534.8505166,1213.04,-0.7100000000000364,66.78700958,,,,,,
1668639594.8975153,1213.23,0.1900000000000545,67.56656908,,,,,,
1668639654.796573,1215.86,2.6299999999998818,74.9133198,,,,,,
1668639715.7170105,1218.77,2.910000000000082,80.15777078,,,,,,
1668639775.717831,1218.45,-0.3199999999999363,75.90903168,,,,,,
1668639835.599906,1219.88,1.4300000000000637,81.64468544,,,,,,
1668639896.663038,1219.42,-0.4600000000000364,78.45325749,,,,,,
1668639956.6529818,1214.72,-4.7000000000000455,57.10765178,,,,,,
1668640017.091426,1215.82,1.099999999999909,60.91512215,,,,,,
1668640077.4603152,1217.41,1.5900000000001455,64.94643386,,,,,,
1668640137.33452,1215.86,-1.550000000000182,59.42304931,,,,,,
1668640197.449201,1217.44,1.5800000000001546,65.24394585,,,,,,
1668640258.308256,1217.49,0.0499999999999545,64.79911066,,,,,,
1668640318.0602114,1216.01,-1.4800000000000182,57.77367262,,,,,,
1668640378.204491,1215.9,-0.1099999999998999,56.24472578,,,,,,
1668640438.921581,1215.03,-0.8700000000001182,53.04014471,,,,,,
1668640498.9751267,1213.94,-1.089999999999918,49.21059126,,,,,,
1668640559.990516,1213.48,-0.4600000000000364,47.48989576,,,,,,
1668640620.0292485,1212.85,-0.6300000000001091,45.23160156,,,,,,
1668640679.8687785,1211.87,-0.9800000000000182,42.07341877,,,,,,
1668640740.0639565,1211.46,-0.4099999999998545,41.67987162,,,,,,
1668640800.5744772,1213.86,2.399999999999864,50.51140713,,,,,,
1668640860.4940245,1216.0,2.1400000000001,56.79892354,,,,,,
1668640920.6080203,1215.02,-0.9800000000000182,53.36342917,,,,,,
1668640981.400855,1214.67,-0.349999999999909,52.01238919,,,,,,
1668641041.9728894,1215.23,0.5599999999999454,53.75113672,,,,,,
1668641101.279106,1214.77,-0.4600000000000364,51.93979082,,,,,,
1668641162.303807,1216.2,1.4300000000000637,56.25788237,,,,,,
1668641222.4696488,1216.18,-0.0199999999999818,56.24518905,,,,,,
1668641282.1869218,1216.47,0.2899999999999636,56.31099158,,,,,,
1668641343.156817,1217.32,0.849999999999909,58.75750991,,,,,,
1668641403.0737774,1217.48,0.1600000000000818,59.07082797,,,,,,
1668641462.9492104,1216.81,-0.6700000000000728,56.36049773,,,,,,
1668641524.123005,1217.08,0.2699999999999818,57.2125252,,,,,,
1668641584.3670814,1218.38,1.300000000000182,61.25804705,,,,,,
1668641643.7667518,1218.33,-0.0500000000001819,61.15303418,,,,,,
1668641704.72128,1218.48,0.1500000000000909,61.61984525,,,,,,
1668641765.0175836,1217.05,-1.4300000000000637,54.86587668,,,,,,
1668641824.6152844,1216.71,-0.3399999999999181,53.29441692,,,,,,
1668641885.567109,1216.95,0.2400000000000091,54.21627532,,,,,,
1668641945.5730205,1216.94,-0.0099999999999909,54.11225102,,,,,,
1668642005.6164656,1215.8,-1.1400000000001,48.73008252,,,,,,
1668642066.251037,1216.49,0.6900000000000546,51.88113647,,,,,,
1668642126.7686372,1216.27,-0.2200000000000272,50.71112684,,,,,,
1668642186.3071723,1214.1,-2.1700000000000728,40.89118805,,,,,,
1668642247.6521406,1215.14,1.040000000000191,46.81600894,,,,,,
1668642307.6845138,1214.79,-0.3500000000001364,45.22746096,,,,,,
1668642367.7129903,1215.73,0.9400000000000546,49.8759998,,,,,,
1668642428.308847,1213.64,-2.089999999999918,40.56810077,,,,,,
1668642488.288521,1215.39,1.75,48.97185106,,,,,,
1668642548.690215,1214.33,-1.0600000000001728,43.49449932,,,,,,
1668642609.2222445,1214.91,0.5800000000001546,46.75698075,,,,,,
1668642669.1134028,1215.16,0.25,48.58963129,,,,,,
1668642729.5350912,1215.97,0.8099999999999454,53.2798693,,,,,,
1668642789.8371062,1216.68,0.7100000000000364,56.91610911,,,,,,
1668642850.2165468,1216.45,-0.2300000000000182,55.20765344,,,,,,
1668642910.2033374,1216.94,0.4900000000000091,57.80837771,,,,,,
1668642970.997467,1216.62,-0.3200000000001637,55.51415191,,,,,,
1668643030.838215,1216.36,-0.2599999999999909,53.72486464,,,,,,
1668643090.915285,1216.04,-0.3199999999999363,51.4578637,,,,,,
1668643152.3001487,1217.32,1.2799999999999727,58.45027408,,,,,,
1668643211.8407142,1216.91,-0.4099999999998545,55.67853849,,,,,,
1668643271.8860908,1217.19,0.2799999999999727,56.39228561,,,,,,
1668643332.5645533,1216.89,-0.2999999999999545,54.57495993,,,,,,
1668643392.5734954,1217.27,0.3799999999998817,56.47760923,,,,,,
1668643452.5733018,1217.84,0.5699999999999363,59.23576427,,,,,,
1668643513.5318055,1218.04,0.2000000000000454,60.18910402,,,,,,
1668643573.6813822,1217.74,-0.2999999999999545,57.99261428,,,,,,
1668643633.445242,1217.84,0.099999999999909,58.55650076,,,,,,
1668643694.3047476,1218.11,0.2699999999999818,60.06245475,,,,,,
1668643754.223367,1219.55,1.4400000000000546,66.89568245,,,,,,
1668643814.3730114,1218.61,-0.9400000000000546,59.68565048,,,,,,
1668643874.9926195,1218.43,-0.1799999999998363,58.38247487,,,,,,
1668643935.1066425,1219.2,0.7699999999999818,62.20360093,,,,,,
1668643994.857121,1218.6,-0.6000000000001364,57.79787808,,,,,,
1668644055.9383852,1217.98,-0.6199999999998909,53.54454008,,,,,,
1668644116.0932665,1218.31,0.3299999999999272,55.44009343,,,,,,
1668644175.9368496,1218.06,-0.25,53.67047266,,,,,,
1668644237.4991584,1216.8,-1.259999999999991,45.73331813,,,,,,
1668644296.6375232,1216.6,-0.2000000000000454,44.61037084,,,,,,
1668644356.602701,1216.28,-0.3199999999999363,42.77319145,,,,,,
1668644417.4612856,1217.03,0.75,48.12502471,,,,,,
1668644477.4886017,1216.67,-0.3599999999998999,45.90130038,,,,,,
1668644537.390526,1215.17,-1.5,38.02911504,,,,,,
1668644598.2161849,1214.96,-0.2100000000000363,37.0710494,,,,,,
1668644658.084646,1216.1,1.139999999999873,45.15652603,,,,,,
1668644719.490431,1215.5,-0.599999999999909,42.10033011,,,,,,
1668644779.2821507,1216.6,1.099999999999909,48.92939702,,,,,,
1668644839.2475667,1216.73,0.1300000000001091,49.6885789,,,,,,
1668644899.2102518,1216.26,-0.4700000000000273,46.97816865,,,,,,
1668644960.0455546,1216.35,0.0899999999999181,47.56929827,,,,,,
1668645020.0803452,1215.8,-0.5499999999999545,44.33296141,,,,,,
1668645080.0532608,1216.04,0.2400000000000091,46.05757066,,,,,,
1668645140.801939,1215.17,-0.8699999999998909,41.08818967,,,,,,
1668645200.7881343,1215.18,0.0099999999999909,41.18605181,,,,,,
1668645260.727919,1216.06,0.8799999999998818,47.76413153,,,,,,
1668645322.0062304,1215.76,-0.2999999999999545,45.86935266,,,,,,
1668645381.9124565,1216.27,0.5099999999999909,49.52444785,,,,,,
1668645441.8243213,1217.3,1.0299999999999727,55.98471316,,,,,,
1668645502.5838408,1218.25,0.9500000000000456,60.97766063,,,,,,
1668645562.669258,1218.23,-0.0199999999999818,60.79791961,,,,,,
1668645622.41987,1217.28,-0.9500000000000456,53.78878717,,,,,,
1668645683.229828,1218.3,1.0199999999999818,59.24589389,,,,,,
1668645743.6109452,1219.82,1.5199999999999818,65.73476936,,,,,,
1668645803.5277967,1220.0,0.1800000000000636,66.41669205,,,,,,
1668645864.756217,1219.19,-0.8099999999999454,60.55496056,,,,,,
1668645925.1434696,1219.0,-0.1900000000000545,59.2575038,,,,,,
1668645985.0801156,1218.6,-0.4000000000000909,56.46923026,,,,,,
1668646045.8143098,1218.48,-0.1199999999998908,55.61550792,,,,,,
1668646106.0425258,1217.79,-0.6900000000000546,50.91769236,,,,,,
1668646165.8885188,1219.63,1.8400000000001453,60.52227483,,,,,,
1668646226.4694226,1225.69,6.059999999999945,76.69750675,,,,,,
1668646286.8921046,1222.72,-2.970000000000028,63.07744376,,,,,,
1668646346.4732375,1223.55,0.8299999999999272,64.95482151,,,,,,
1668646407.2397256,1222.67,-0.8799999999998818,61.37836872,,,,,,
1668646467.0345008,1220.67,-2.0,54.12444868,,,,,,
1668646527.01772,1220.08,-0.5900000000001455,52.1623227,,,,,,
1668646589.4869266,1221.43,1.3500000000001364,56.08524998,,,,,,
1668646648.209491,1221.3,-0.1300000000001091,55.60725141,,,,,,
1668646708.256866,1221.54,0.2400000000000091,56.32661072,,,,,,
1668646769.0034416,1222.68,1.1400000000001,59.73052245,,,,,,
1668646828.8124108,1223.41,0.7300000000000182,61.75859429,,,,,,
1668646888.8094928,1222.91,-0.5,59.52894845,,,,,,
1668646949.64908,1222.51,-0.4000000000000909,57.72402944,,,,,,
1668647009.4595466,1222.94,0.4300000000000636,59.13056,,,,,,
1668647070.7386434,1222.96,0.0199999999999818,59.21480602,,,,,,
1668647130.778055,1223.38,0.4200000000000727,60.7118845,,,,,,
1668647190.853193,1224.7,1.3199999999999363,65.02418938,,,,,,
1668647250.845157,1224.82,0.1199999999998908,65.39341934,,,,,,
1668647311.5611546,1226.69,1.8700000000001185,70.68862959,,,,,,
1668647372.016725,1225.54,-1.150000000000091,64.21238767,,,,,,
1668647431.5971272,1224.66,-0.8799999999998818,59.69173287,,,,,,
1668647492.6711,1226.29,1.6299999999998818,64.60990378,,,,,,
1668647553.5800607,1225.78,-0.5099999999999909,62.04582413,,,,,,
1668647612.3547122,1226.72,0.9400000000000546,64.83640623,,,,,,
1668647673.670821,1226.15,-0.5699999999999363,61.86838269,,,,,,
1668647733.5111024,1227.0,0.849999999999909,64.46203695,,,,,,
1668647793.2680357,1227.0,0.0,64.46203695,,,,,,
1668647854.1601276,1227.47,0.4700000000000273,65.9497057,,,,,,
1668647914.0776513,1226.9,-0.5699999999999363,62.559038,,,,,,
1668647974.325119,1225.32,-1.5800000000001546,54.17356145,,,,,,
1668648035.473446,1225.22,-0.099999999999909,53.67966534,,,,,,
1668648094.6892214,1225.17,-0.0499999999999545,53.42320533,,,,,,
1668648154.9562433,1223.48,-1.6900000000000546,45.4103186,,,,,,
1668648215.7876518,1223.77,0.2899999999999636,46.88749291,,,,,,
1668648275.7134511,1224.09,0.3199999999999363,48.53791408,,,,,,
1668648335.583047,1223.35,-0.7400000000000091,45.06522108,,,,,,
1668648396.4142697,1222.6,-0.75,41.799473,,,,,,
1668648456.6219387,1222.76,0.1600000000000818,42.75826334,,,,,,
1668648517.5987394,1222.53,-0.2300000000000182,41.68198073,,,,,,
1668648577.153953,1222.63,0.1000000000001364,42.35664995,,,,,,
1668648637.3227713,1223.04,0.4099999999998545,45.13766306,,,,,,
1668648697.1633687,1222.18,-0.8599999999999,40.70190512,,,,,,
1668648757.922384,1221.99,-0.1900000000000545,39.76830603,,,,,,
1668648817.9243295,1221.25,-0.7400000000000091,36.28763018,,,,,,
1668648877.8649106,1221.65,0.4000000000000909,39.36965149,,,,,,
1668648938.8336685,1221.83,0.1799999999998363,40.7421457,,,,,,
1668648999.6683574,1222.38,0.5500000000001819,44.91462286,,,,,,
1668649058.827899,1224.08,1.699999999999818,55.36218397,,,,,,
1668649119.614425,1222.51,-1.5699999999999363,46.57641013,,,,,,
1668649179.784501,1222.72,0.2100000000000363,47.77036557,,,,,,
1668649239.6931145,1222.76,0.0399999999999636,48.00904289,,,,,,
1668649300.4320738,1223.01,0.25,49.55377132,,,,,,
1668649360.0341887,1222.94,-0.0699999999999363,49.11963373,,,,,,
1668649419.93147,1222.72,-0.2200000000000272,47.67486862,,,,,,
1668649481.2541544,1222.71,-0.0099999999999909,47.60667378,,,,,,
1668649540.063781,1222.05,-0.6600000000000819,43.23822404,,,,,,
1668649599.6601017,1221.08,-0.9700000000000272,37.70538805,,,,,,
1668649659.740135,1220.73,-0.349999999999909,35.92616441,,,,,,
1668649719.65351,1220.64,-0.0899999999999181,35.46276143,,,,,,
1668649780.3249638,1220.53,-0.1100000000001273,34.92408909,,,,,,
1668649839.5682309,1220.08,-0.4500000000000455,32.48146531,,,,,,
1668649899.912698,1219.43,-0.6499999999998636,29.49090024,,,,,,
1668649959.7308583,1218.48,-0.9500000000000456,25.49453965,,,,,,
1668650020.1003237,1219.07,0.5899999999999181,31.53142157,,,,,,
1668650079.5704205,1219.46,0.3900000000001,35.26069343,,,,,,
1668650139.8470943,1219.68,0.2200000000000272,37.33420306,,,,,,
1668650199.6842318,1219.24,-0.4400000000000545,34.92097874,,,,,,
1668650259.7079468,1218.61,-0.6300000000001091,31.7609022,,,,,,
1668650319.4810505,1218.62,0.0099999999999909,31.87439032,,,,,,
1668650379.699255,1219.02,0.4000000000000909,36.13134732,,,,,,
1668650439.731995,1219.22,0.2000000000000454,38.21422993,,,,,,
1668650499.815479,1219.97,0.75,45.38671031,,,,,,
1668650559.7165046,1220.0,0.0299999999999727,45.666715,,,,,,
1668650620.0243049,1220.01,0.0099999999999909,45.77056524,,,,,,
1668650679.817788,1218.09,-1.9200000000000728,33.4901269,,,,,,
1668650739.9131622,1218.85,0.7599999999999909,40.34115875,,,,,,
1668650799.7936656,1218.69,-0.1599999999998544,39.42591883,,,,,,
1668650859.9340389,1218.93,0.2400000000000091,41.5874884,,,,,,
1668650920.027293,1219.56,0.6299999999998818,46.87705324,,,,,,
1668650979.96306,1218.76,-0.7999999999999545,41.66874034,,,,,,
1668651040.021098,1217.77,-0.9900000000000092,36.34872417,,,,,,
1668651099.8644571,1218.06,0.2899999999999636,38.85122076,,,,,,
1668651160.0770357,1217.83,-0.2300000000000182,37.60498988,,,,,,
1668651219.6684904,1216.45,-1.3799999999998818,31.14886408,,,,,,
1668651279.668896,1216.97,0.5199999999999818,35.63939353,,,,,,
1668651339.7510338,1217.24,0.2699999999999818,37.90078466,,,,,,
1668651399.7730076,1216.81,-0.4300000000000636,35.74661524,,,,,,
1668651459.94167,1217.49,0.6800000000000637,41.42303695,,,,,,
1668651520.0776107,1217.37,-0.1200000000001182,40.74607697,,,,,,
1668651579.6728308,1216.93,-0.4399999999998272,38.2179934,,,,,,
1668651639.8018055,1216.72,-0.2100000000000363,37.04639286,,,,,,
1668651699.972384,1216.98,0.2599999999999909,39.47818988,,,,,,
1668651759.9572573,1216.87,-0.1100000000001273,38.77984137,,,,,,
1668651819.600048,1216.12,-0.75,34.34927395,,,,,,
1668651879.8743193,1216.17,0.0500000000001819,34.88339354,,,,,,
1668651939.8004663,1215.55,-0.6200000000001182,31.46492177,,,,,,
1668651999.8361623,1216.27,0.7200000000000273,38.9544815,,,,,,
1668652060.0107296,1216.9,0.6300000000001091,44.65459961,,,,,,
1668652119.7799852,1216.66,-0.2400000000000091,42.98749929,,,,,,
1668652179.976977,1215.59,-1.0700000000001637,36.50814533,,,,,,
1668652239.699582,1216.1,0.5099999999999909,41.07400033,,,,,,
1668652299.820948,1216.55,0.4500000000000455,44.84746251,,,,,,
1668652359.8978562,1217.23,0.6800000000000637,50.03195161,,,,,,
1668652419.884687,1217.2,-0.0299999999999727,49.80856584,,,,,,
1668652481.1722443,1217.2,0.0,49.80305459,,,,,,
1668652540.1588883,1216.24,-0.9600000000000364,42.76911344,,,,,,
1668652600.384132,1216.55,0.3099999999999454,45.45705305,,,,,,
1668652660.1745455,1216.47,-0.0799999999999272,44.85070047,,,,,,
1668652719.8080878,1216.85,0.3799999999998817,48.25720522,,,,,,
1668652780.186214,1216.78,-0.0699999999999363,47.68522148,,,,,,
1668652839.9630568,1217.43,0.650000000000091,53.34065905,,,,,,
1668652899.857941,1217.84,0.4099999999998545,56.53263984,,,,,,
1668652960.5912251,1217.61,-0.2300000000000182,54.28025207,,,,,,
1668653020.4638572,1218.05,0.4400000000000545,57.69065959,,,,,,
1668653079.8961256,1217.72,-0.3299999999999272,54.39268604,,,,,,
1668653140.0730753,1217.35,-0.3700000000001182,50.88059085,,,,,,
1668653200.2837453,1217.9,0.5500000000001819,55.45630229,,,,,,
1668653259.962269,1216.25,-1.650000000000091,42.60640655,,,,,,
1668653320.1646056,1214.84,-1.410000000000082,35.11787341,,,,,,
1668653379.9062784,1215.38,0.540000000000191,39.52572485,,,,,,
1668653440.829348,1213.17,-2.2100000000000364,30.51765285,,,,,,
1668653499.9200473,1212.71,-0.4600000000000364,28.98572192,,,,,,
1668653560.105689,1213.98,1.2699999999999818,38.06210518,,,,,,
1668653619.8645277,1213.0,-0.9800000000000182,33.96743897,,,,,,
1668653680.1733935,1212.11,-0.8900000000001,31.03672882,,,,,,
1668653740.064968,1210.73,-1.3799999999998818,27.04156136,,,,,,
1668653799.695858,1210.94,0.2100000000000363,28.49851419,,,,,,
1668653860.043416,1211.29,0.349999999999909,31.0425075,,,,,,
1668653920.0790825,1210.6,-0.6900000000000546,28.82372586,,,,,,
1668653979.9255764,1210.66,0.0600000000001728,29.33134876,,,,,,
1668654040.049119,1207.82,-2.840000000000145,22.01535141,,,,,,
1668654099.9039123,1209.98,2.160000000000082,35.26567433,,,,,,
1668654160.1368628,1208.94,-1.0399999999999636,32.45000017,,,,,,
1668654219.828893,1209.72,0.7799999999999727,36.57866758,,,,,,
1668654279.621801,1210.43,0.7100000000000364,40.16373599,,,,,,
1668654340.2681906,1210.83,0.3999999999998636,42.15154455,,,,,,
1668654400.0924568,1211.16,0.3300000000001546,43.81472693,,,,,,
1668654459.8005967,1211.39,0.2300000000000182,44.98489478,,,,,,
1668654520.0057378,1211.2,-0.1900000000000545,44.15551539,,,,,,
1668654579.8854177,1210.87,-0.3300000000001546,42.68600228,,,,,,
1668654639.8004413,1211.15,0.2800000000002001,44.36631972,,,,,,
1668654699.959862,1210.79,-0.3600000000001273,42.62973425,,,,,,
1668654759.9760976,1210.58,-0.2100000000000363,41.58469302,,,,,,
1668654819.8421683,1209.94,-0.6399999999998727,38.53113031,,,,,,
1668654879.8526971,1209.5,-0.4400000000000545,36.54660738,,,,,,
1668654940.940029,1210.14,0.6400000000001,41.30032213,,,,,,
1668655000.00801,1209.84,-0.3000000000001819,39.80387833,,,,,,
1668655060.2299824,1209.66,-0.1799999999998363,38.92741472,,,,,,
1668655120.2733245,1209.2,-0.4600000000000364,36.58937008,,,,,,
1668655180.2502732,1209.87,0.6699999999998454,41.97570244,,,,,,
1668655239.876883,1210.13,0.2600000000002183,43.95589718,,,,,,
1668655299.8225403,1210.24,0.1099999999998999,44.82052172,,,,,,
1668655360.4103105,1209.6,-0.6400000000001,40.90115986,,,,,,
1668655420.2317958,1209.57,-0.0299999999999727,40.69307881,,,,,,
1668655480.0617633,1209.68,0.1100000000001273,41.71977745,,,,,,
1668655540.0461743,1209.55,-0.1300000000001091,40.79617734,,,,,,
1668655599.961857,1209.61,0.0599999999999454,41.42958448,,,,,,
1668655659.9135635,1209.77,0.1600000000000818,43.16209215,,,,,,
1668655720.197358,1209.58,-0.1900000000000545,41.55777064,,,,,,
1668655779.8152196,1209.73,0.1500000000000909,43.30614339,,,,,,
1668655839.9708707,1209.02,-0.7100000000000364,37.61305278,,,,,,
1668655899.9623291,1207.22,-1.7999999999999543,27.64446257,,,,,,
1668655960.7526915,1208.41,1.1900000000000546,39.1432411,,,,,,
1668656020.1850429,1210.02,1.6099999999999,50.58363839,,,,,,
1668656080.0784397,1209.53,-0.4900000000000091,47.6435544,,,,,,
1668656140.0368612,1208.75,-0.7799999999999727,43.3246597,,,,,,
1668656199.9752264,1208.93,0.1800000000000636,44.57855394,,,,,,
1668656259.9727373,1208.17,-0.7599999999999909,40.49316109,,,,,,
1668656320.0841413,1208.53,0.3599999999998999,43.13610458,,,,,,
1668656380.142667,1209.68,1.150000000000091,50.68838236,,,,,,
1668656440.587665,1209.74,0.0599999999999454,51.05415976,,,,,,
1668656500.0500984,1209.96,0.2200000000000272,52.43548326,,,,,,
1668656560.0286071,1211.21,1.25,59.49942148,,,,,,
1668656619.955425,1211.21,0.0,59.4693794,,,,,,
1668656679.9143047,1211.0,-0.2100000000000363,57.79764613,,,,,,
1668656739.9739623,1210.56,-0.4400000000000545,54.36206896,,,,,,
1668656800.1288862,1210.87,0.3099999999999454,56.33154665,,,,,,
1668656859.9611,1210.78,-0.0899999999999181,55.5701914,,,,,,
1668656920.1858058,1210.18,-0.599999999999909,50.73789874,,,,,,
1668656979.9050322,1210.5,0.3199999999999363,53.09413136,,,,,,
1668657040.0370646,1209.57,-0.9300000000000636,46.18460503,,,,,,
1668657100.1035123,1209.42,-0.1499999999998635,45.16244978,,,,,,
1668657159.9646971,1208.22,-1.2000000000000457,37.92622256,,,,,,
1668657220.1505728,1208.66,0.4400000000000545,41.59492818,,,,,,
1668657280.3089116,1207.29,-1.3700000000001182,34.66073973,,,,,,
1668657340.3833816,1207.65,0.3600000000001273,37.59912844,,,,,,
1668657400.1953285,1205.68,-1.9700000000000275,29.71502821,,,,,,
1668657459.917463,1204.29,-1.3900000000001,25.68486142,,,,,,
1668657519.9781473,1205.35,1.0599999999999454,33.20814579,,,,,,
1668657580.043319,1204.48,-0.8699999999998909,30.48071691,,,,,,
1668657639.9967022,1204.05,-0.4300000000000636,29.20402698,,,,,,
1668657700.123764,1203.4,-0.6499999999998636,27.33985471,,,,,,
1668657760.043721,1202.23,-1.1700000000000728,24.32940128,,,,,,
1668657820.0211215,1201.5,-0.7300000000000182,22.65334092,,,,,,
1668657879.9754038,1198.75,-2.75,17.76133669,,,,,,
1668657940.5538802,1195.12,-3.630000000000109,13.51069827,,,,,,
1668658000.1858342,1193.9,-1.2199999999998,12.44351759,,,,,,
1668658060.10889,1196.16,2.259999999999991,24.36580135,,,,,,
1668658119.9328315,1195.37,-0.790000000000191,23.14496709,,,,,,
1668658180.0712657,1195.43,0.0600000000001728,23.48448165,,,,,,
1668658240.052172,1197.45,2.019999999999982,33.11158095,,,,,,
1668658300.1007369,1197.36,-0.0900000000001455,32.91117434,,,,,,
1668658360.132295,1198.5,1.1400000000001,37.97167025,,,,,,
1668658420.2145524,1197.71,-0.7899999999999636,35.93759684,,,,,,
1668658480.3119564,1197.02,-0.6900000000000546,34.21528761,,,,,,
1668658540.106522,1196.1,-0.9200000000000728,32.01234585,,,,,,
1668658600.0600722,1196.13,0.0300000000002,32.16571929,,,,,,
1668658659.9845364,1197.4,1.2699999999999818,38.49508304,,,,,,
1668658720.20959,1196.8,-0.6000000000001364,36.73141875,,,,,,
1668658780.1982532,1198.05,1.25,42.57586576,,,,,,
1668658840.2140954,1198.37,0.3199999999999363,44.00864698,,,,,,
1668658900.215388,1197.71,-0.6599999999998545,41.71147775,,,,,,
1668658960.1570098,1198.97,1.259999999999991,47.36055564,,,,,,
1668659020.21749,1199.78,0.8099999999999454,50.67330039,,,,,,
1668659080.1323583,1199.59,-0.1900000000000545,49.8842386,,,,,,
1668659139.9537592,1200.98,1.3900000000001,55.37993615,,,,,,
1668659200.3552778,1200.45,-0.5299999999999727,52.99035943,,,,,,
1668659260.149103,1200.28,-0.1700000000000727,52.20979443,,,,,,
1668659320.2147546,1200.04,-0.2400000000000091,51.07265638,,,,,,
1668659380.088035,1200.38,0.3400000000001455,52.64526057,,,,,,
1668659440.1353168,1201.53,1.1499999999998636,57.6083461,,,,,,
1668659500.384574,1200.7,-0.8299999999999272,53.26896769,,,,,,
1668659560.6846175,1202.21,1.509999999999991,59.27860548,,,,,,
1668659620.0781808,1204.38,2.1700000000000728,66.0379462,,,,,,
1668659680.2697165,1203.82,-0.5600000000001728,63.12205092,,,,,,
1668659740.32682,1205.55,1.7300000000000182,67.86630785,,,,,,
1668659800.4212315,1204.41,-1.139999999999873,62.21012895,,,,,,
1668659860.4948745,1204.64,0.2300000000000182,62.85863964,,,,,,
1668659920.4338937,1204.3,-0.3400000000001455,61.13049792,,,,,,
1668659981.4947193,1203.59,-0.7100000000000364,56.49356774,,,,,,
1668660041.214378,1204.35,0.7599999999999909,60.13856895,,,,,,
1668660101.3340335,1203.71,-0.6399999999998727,56.81895633,,,,,,
1668660162.1920788,1203.65,-0.0599999999999454,55.36949113,,,,,,
1668660222.1744196,1204.25,0.599999999999909,57.34262472,,,,,,
1668660282.1071794,1203.84,-0.4100000000000818,54.59091313,,,,,,
1668660343.613873,1204.17,0.3300000000001546,55.79279487,,,,,,
1668660402.9434206,1205.26,1.089999999999918,59.32493387,,,,,,
1668660463.0594378,1205.39,0.1300000000001091,59.52720693,,,,,,
1668660523.9581468,1204.19,-1.2000000000000457,53.57182046,,,,,,
1668660583.7296238,1204.03,-0.1600000000000818,52.86111513,,,,,,
1668660643.9296856,1204.3,0.2699999999999818,53.90663857,,,,,,
1668660704.5756245,1203.56,-0.7400000000000091,50.67025811,,,,,,
1668660764.3832867,1203.7,0.1400000000001,51.31974704,,,,,,
1668660824.5977497,1203.72,0.0199999999999818,51.42977281,,,,,,
1668660886.188516,1204.21,0.4900000000000091,53.59257043,,,,,,
1668660945.7484329,1205.38,1.1700000000000728,58.38128685,,,,,,
1668661005.915481,1204.72,-0.6600000000000819,54.96450764,,,,,,
1668661066.3676994,1203.9,-0.8199999999999363,50.60818607,,,,,,
1668661126.459553,1203.72,-0.1800000000000636,49.65503674,,,,,,
1668661186.5969825,1203.95,0.2300000000000182,50.81150292,,,,,,
1668661246.843731,1203.72,-0.2300000000000182,49.53115481,,,,,,
1668661306.4947193,1204.37,0.6499999999998636,53.12052065,,,,,,
1668661366.547454,1206.94,2.570000000000164,64.42205239,,,,,,
1668661427.4711618,1208.96,2.019999999999982,70.56155208,,,,,,
1668661486.557596,1208.65,-0.3099999999999454,69.92985931,,,,,,
1668661546.5042665,1208.3,-0.3500000000001364,67.17334925,,,,,,
1668661606.6490564,1208.87,0.5699999999999363,70.25111173,,,,,,
1668661666.5193532,1207.51,-1.3599999999999,61.72067926,,,,,,
1668661726.4387662,1208.85,1.339999999999918,67.86745569,,,,,,
1668661786.6339705,1209.78,0.9300000000000636,70.89470855,,,,,,
1668661846.4692812,1209.01,-0.7699999999999818,68.44692515,,,,,,
1668661906.9887564,1207.84,-1.1700000000000728,59.88574629,,,,,,
1668661966.2851396,1207.47,-0.3699999999998908,57.42539235,,,,,,
1668662026.645469,1207.22,-0.25,55.33186175,,,,,,
1668662086.380607,1208.25,1.0299999999999727,61.50547286,,,,,,
1668662146.496015,1209.48,1.2300000000000182,66.43909104,,,,,,
1668662206.6305664,1209.64,0.1600000000000818,66.58002002,,,,,,
1668662266.3761451,1211.43,1.7899999999999636,73.46118177,,,,,,
1668662326.5333848,1208.99,-2.4400000000000546,59.64819885,,,,,,
1668662387.6842847,1209.05,0.0599999999999454,59.83139927,,,,,,
1668662446.365862,1208.63,-0.4199999999998454,56.67552802,,,,,,
1668662506.7650936,1209.13,0.5,59.76723904,,,,,,
1668662566.4327006,1208.67,-0.4600000000000364,55.23864915,,,,,,
1668662626.5255764,1208.4,-0.2699999999999818,53.42444967,,,,,,
1668662686.4845753,1208.02,-0.3800000000001091,51.10934224,,,,,,
1668662746.820196,1208.26,0.2400000000000091,52.5461877,,,,,,
1668662806.625194,1208.23,-0.0299999999999727,52.27877429,,,,,,
1668662867.2339234,1208.74,0.5099999999999909,55.39997268,,,,,,
1668662926.4117618,1208.62,-0.1200000000001182,54.73140849,,,,,,
1668662986.356829,1209.25,0.6300000000001091,58.16506858,,,,,,
1668663046.4022937,1209.43,0.1800000000000636,59.17301866,,,,,,
1668663106.380848,1209.93,0.5,61.84145979,,,,,,
1668663166.4739306,1209.84,-0.0900000000001455,61.38444466,,,,,,
1668663226.587283,1209.68,-0.1599999999998544,59.46281165,,,,,,
1668663286.5614605,1208.53,-1.150000000000091,50.60989885,,,,,,
1668663347.2966125,1207.36,-1.1700000000000728,43.26042491,,,,,,
1668663406.6632848,1208.29,0.9300000000000636,49.51264133,,,,,,
1668663466.4316688,1210.03,1.740000000000009,59.18673489,,,,,,
1668663526.71714,1210.0,-0.0299999999999727,59.13388625,,,,,,
1668663586.4920592,1210.0,0.0,59.1490773,,,,,,
1668663646.671163,1211.1,1.099999999999909,63.19634777,,,,,,
1668663706.3934526,1210.06,-1.0399999999999636,56.00701717,,,,,,
1668663767.0060062,1211.1,1.0399999999999636,62.01467854,,,,,,
1668663827.0338318,1211.04,-0.0599999999999454,61.75207171,,,,,,
1668663887.1993592,1210.67,-0.3699999999998908,58.49461867,,,,,,
1668663946.663974,1210.55,-0.1200000000001182,57.51139438,,,,,,
1668664006.9721408,1210.31,-0.2400000000000091,55.43644854,,,,,,
1668664066.435362,1210.04,-0.2699999999999818,53.46462563,,,,,,
1668664126.6350896,1209.75,-0.2899999999999636,51.30543634,,,,,,
1668664186.503905,1209.76,0.0099999999999909,51.33420728,,,,,,
1668664246.557811,1209.41,-0.349999999999909,48.65446606,,,,,,
1668664306.8084586,1210.33,0.9199999999998454,55.33927571,,,,,,
1668664366.9274793,1210.58,0.25,57.11291802,,,,,,
1668664426.5360854,1210.41,-0.1699999999998453,55.4834968,,,,,,
1668664486.852445,1209.8,-0.6100000000001273,50.06630662,,,,,,
1668664546.6025462,1210.24,0.4400000000000545,53.77341811,,,,,,
1668664606.739385,1210.24,0.0,53.73159779,,,,,,
1668664666.540158,1209.94,-0.2999999999999545,50.69503891,,,,,,
1668664727.1155806,1209.45,-0.4900000000000091,46.08520891,,,,,,
1668664787.2319057,1211.45,2.0,62.6271059,,,,,,
1668664846.5365388,1210.92,-0.5299999999999727,57.93864087,,,,,,
1668664906.4944725,1209.76,-1.160000000000082,48.49454551,,,,,,
1668664966.51297,1210.17,0.4100000000000818,51.65069546,,,,,,
1668665026.7142808,1213.37,3.199999999999818,68.74857289,,,,,,
1668665086.675411,1213.55,0.1800000000000636,69.43988177,,,,,,
1668665146.5313654,1213.45,-0.099999999999909,69.03582272,,,,,,
1668665206.6652448,1211.92,-1.5299999999999727,57.33925511,,,,,,
1668665266.5297136,1211.7,-0.2200000000000272,55.78811544,,,,,,
1668665326.6865542,1212.21,0.5099999999999909,58.92028571,,,,,,
1668665386.5911012,1212.79,0.5799999999999272,62.09248728,,,,,,
1668665446.4061368,1213.3,0.5099999999999909,64.6456872,,,,,,
1668665506.3908608,1213.44,0.1400000000001,65.32654872,,,,,,
1668665566.6555572,1214.14,0.7000000000000455,68.42080997,,,,,,
1668665626.7666194,1213.82,-0.3200000000001637,64.8443998,,,,,,
1668665686.6588964,1214.34,0.5199999999999818,67.30719924,,,,,,
1668665746.8844051,1214.37,0.0299999999999727,67.43879833,,,,,,
1668665806.6794744,1213.4,-0.9699999999998,58.65656386,,,,,,
1668665866.765174,1213.53,0.1299999999998817,59.46742722,,,,,,
1668665926.680819,1214.68,1.150000000000091,65.32598438,,,,,,
1668665987.0293005,1214.44,-0.2400000000000091,61.65317474,,,,,,
1668666046.5773456,1214.51,0.0699999999999363,60.48698489,,,,,,
1668666106.6731083,1214.44,-0.0699999999999363,59.23264003,,,,,,
1668666166.452923,1214.91,0.4700000000000273,61.5172831,,,,,,
1668666226.9415984,1215.03,0.1199999999998908,61.27109041,,,,,,
1668666286.4969478,1214.63,-0.3999999999998636,57.752889,,,,,,
1668666346.7775478,1213.95,-0.6800000000000637,53.51478182,,,,,,
1668666406.5329196,1212.65,-1.2999999999999543,46.66436506,,,,,,
1668666466.5409565,1213.24,0.5899999999999181,49.36375129,,,,,,
1668666526.9289784,1213.71,0.4700000000000273,52.07651297,,,,,,
1668666586.4969006,1213.37,-0.3400000000001455,50.15270704,,,,,,
1668666646.797527,1212.94,-0.4299999999998363,47.82447594,,,,,,
1668666707.5723965,1212.47,-0.4700000000000273,45.36236668,,,,,,
1668666766.7800426,1212.06,-0.4100000000000818,43.30793278,,,,,,
1668666826.6811786,1211.61,-0.4500000000000455,41.45547797,,,,,,
1668666886.6235511,1211.87,0.2599999999999909,43.27040987,,,,,,
1668666946.6238377,1211.87,0.0,43.68067035,,,,,,
1668667007.2112708,1212.21,0.3400000000001455,45.62427287,,,,,,
1668667066.7356105,1212.64,0.4300000000000636,48.58064746,,,,,,
1668667126.7976685,1212.54,-0.1000000000001364,47.92322353,,,,,,
1668667187.466663,1211.05,-1.490000000000009,39.53402289,,,,,,
1668667246.8787844,1211.81,0.7599999999999909,44.45550508,,,,,,
1668667306.565274,1209.75,-2.059999999999945,33.60395736,,,,,,
1668667366.9168203,1209.13,-0.6199999999998909,31.90117845,,,,,,
1668667427.2174766,1209.09,-0.0400000000001909,31.93665685,,,,,,
1668667486.683063,1209.72,0.6300000000001091,36.87466981,,,,,,
1668667546.4393342,1208.87,-0.8500000000001364,34.76228809,,,,,,
1668667606.856639,1209.18,0.3100000000001728,37.51327521,,,,,,
1668667667.1003714,1208.85,-0.3300000000001546,36.13345548,,,,,,
1668667726.5393696,1207.86,-0.9900000000000092,32.24350076,,,,,,
1668667786.4715548,1206.85,-1.009999999999991,28.83593783,,,,,,
1668667846.4895294,1206.85,0.0,28.75115358,,,,,,
1668667906.5770748,1205.0,-1.849999999999909,23.64570827,,,,,,
1668667966.714159,1206.12,1.1199999999998909,31.75633121,,,,,,
1668668026.8270578,1205.0,-1.1199999999998909,23.70773542,,,,,,
1668668086.6584368,1205.0,0.0,23.70773542,,,,,,
1668668147.6067846,1204.97,-0.0299999999999727,29.34574116,,,,,,
1668668206.5558937,1204.4,-0.5699999999999363,27.68401008,,,,,,
1668668266.628715,1200.0,-4.400000000000091,18.89183615,,,,,,
1668668326.433111,1199.94,-0.0599999999999454,18.52850547,,,,,,
1668668386.6729903,1201.21,1.2699999999999818,20.54309483,,,,,,
1668668446.5418928,1199.92,-1.2899999999999636,19.41530408,,,,,,
1668668506.6440763,1199.89,-0.0299999999999727,22.30292508,,,,,,
1668668566.3562849,1200.0,0.1099999999998999,22.30292508,,,,,,
1668668627.028817,1199.99,-0.0099999999999909,22.20984753,,,,,,
1668668686.6558778,1200.0,0.0099999999999909,22.28746265,,,,,,
1668668746.7433677,1200.53,0.5299999999999727,26.52960429,,,,,,
1668668806.6683197,1201.39,0.8600000000001273,33.09782854,,,,,,
1668668866.3551774,1204.99,3.599999999999909,51.4790427,,,,,,
1668668926.5200057,1206.19,1.2000000000000457,55.40338855,,,,,,
1668668986.549836,1206.44,0.25,55.50899964,,,,,,
1668669046.5930912,1206.66,0.2200000000000272,56.33457355,,,,,,
1668669107.9893403,1206.37,-0.290000000000191,55.2529204,,,,,,
1668669166.475615,1204.84,-1.5299999999999727,49.24936149,,,,,,
1668669226.6947043,1197.64,-7.199999999999818,32.24761643,,,,,,
1668669286.5663583,1199.6,1.959999999999809,38.44228337,,,,,,
1668669346.5581253,1199.69,0.0900000000001455,38.7793307,,,,,,
1668669406.4891877,1199.99,0.2999999999999545,39.72865739,,,,,,
1668669466.474773,1197.36,-2.630000000000109,34.430138,,,,,,
1668669526.7881062,1199.99,2.630000000000109,41.82185839,,,,,,
1668669587.310578,1198.35,-1.6400000000001,37.03048645,,,,,,
1668669646.5097578,1198.4,0.0500000000001819,37.70107433,,,,,,
1668669706.5261643,1197.99,-0.4100000000000818,36.2811394,,,,,,
1668669766.5875366,1196.72,-1.2699999999999818,33.23298528,,,,,,
1668669826.6033015,1197.48,0.7599999999999909,36.25367427,,,,,,
1668669886.556965,1198.97,1.490000000000009,42.41125205,,,,,,
1668669946.6319392,1199.78,0.8099999999999454,45.51056143,,,,,,
1668670006.633885,1200.55,0.7699999999999818,48.37074457,,,,,,
1668670067.0104249,1204.04,3.490000000000009,58.78442448,,,,,,
1668670126.519653,1204.5,0.4600000000000364,59.67922228,,,,,,
1668670186.43862,1203.47,-1.0299999999999727,55.69828406,,,,,,
1668670246.603216,1204.14,0.6700000000000728,57.48465125,,,,,,
1668670306.5868387,1204.94,0.7999999999999545,58.78007629,,,,,,
1668670366.7545314,1204.39,-0.5499999999999545,56.84620963,,,,,,
1668670426.762354,1199.99,-4.400000000000091,43.99707057,,,,,,
1668670486.646405,1199.48,-0.5099999999999909,42.76842422,,,,,,
1668670546.9106946,1200.97,1.490000000000009,47.3626456,,,,,,
1668670606.5533888,1203.13,2.160000000000082,53.20068817,,,,,,
1668670666.5636475,1203.81,0.6799999999998363,54.87929819,,,,,,
1668670726.5151172,1203.22,-0.5899999999999181,53.29758472,,,,,,
1668670786.647455,1202.76,-0.4600000000000364,51.76602262,,,,,,
1668670846.694653,1203.89,1.1300000000001091,55.30118787,,,,,,
1668670906.396333,1204.1,0.209999999999809,55.96977925,,,,,,
1668670966.8360522,1204.42,0.3200000000001637,56.99965834,,,,,,
1668671026.6409514,1204.05,-0.3700000000001182,55.48623336,,,,,,
1668671086.4278436,1203.92,-0.1299999999998817,54.92860494,,,,,,
1668671146.627966,1202.64,-1.2799999999999727,49.42119169,,,,,,
1668671206.9246175,1203.11,0.4699999999997999,51.39723875,,,,,,
1668671266.8072062,1204.52,1.410000000000082,56.29372038,,,,,,
1668671326.7297914,1204.54,0.0199999999999818,56.40986955,,,,,,
1668671387.570865,1205.77,1.2300000000000182,60.40325813,,,,,,
1668671447.4789908,1205.17,-0.599999999999909,57.88398493,,,,,,
1668671507.6008768,1204.82,-0.3500000000001364,55.68336312,,,,,,
1668671569.1961567,1203.72,-1.099999999999909,51.12095742,,,,,,
1668671628.4584205,1202.63,-1.089999999999918,46.81837376,,,,,,
1668671688.57253,1203.23,0.599999999999909,49.17701194,,,,,,
1668671749.2832313,1202.98,-0.25,48.07941624,,,,,,
1668671809.3590822,1202.23,-0.75,45.57751865,,,,,,
1668671869.469716,1203.3,1.0699999999999363,50.37526552,,,,,,
1668671930.126397,1203.13,-0.1699999999998453,49.66223497,,,,,,
1668671990.0332513,1204.06,0.9299999999998364,53.34839849,,,,,,
1668672050.1060057,1204.72,0.6600000000000819,55.84744598,,,,,,
1668672111.5010717,1205.44,0.7200000000000273,58.77268443,,,,,,
1668672170.8613665,1207.21,1.7699999999999818,64.83336074,,,,,,
1668672230.8683093,1206.86,-0.3500000000001364,63.86295428,,,,,,
1668672292.5016649,1207.72,0.8600000000001273,66.66971191,,,,,,
1668672352.211081,1207.93,0.2100000000000363,66.81038857,,,,,,
1668672412.184785,1207.9,-0.0299999999999727,65.98707195,,,,,,
1668672472.9898496,1207.12,-0.7800000000002001,61.10731177,,,,,,
1668672532.838182,1204.0,-3.119999999999891,46.6676451,,,,,,
1668672592.937627,1202.93,-1.0699999999999363,42.83068161,,,,,,
1668672653.9951909,1203.63,0.7000000000000455,45.92149726,,,,,,
1668672713.743946,1205.13,1.5,52.16177927,,,,,,
1668672773.6855762,1202.94,-2.1900000000000546,43.40529594,,,,,,
1668672834.34434,1202.96,0.0199999999999818,43.53710052,,,,,,
1668672894.6843865,1203.88,0.9200000000000728,47.93017872,,,,,,
1668672954.6061738,1203.79,-0.0900000000001455,47.68396814,,,,,,
1668673016.4127495,1203.91,0.1200000000001182,48.40462519,,,,,,
1668673075.4626048,1204.13,0.2200000000000272,49.56376303,,,,,,
1668673135.2525802,1205.31,1.1799999999998363,55.16521015,,,,,,
1668673196.4748876,1204.69,-0.6199999999998909,51.53695238,,,,,,
1668673256.0964477,1204.14,-0.5499999999999545,48.91728174,,,,,,
1668673316.084216,1203.55,-0.5900000000001455,46.05701713,,,,,,
1668673376.968043,1202.38,-1.1699999999998454,40.92797126,,,,,,
1668673436.8878307,1201.58,-0.8000000000001819,37.83702662,,,,,,
1668673496.9739888,1201.43,-0.1499999999998635,37.29385726,,,,,,
1668673557.9810412,1201.7,0.2699999999999818,39.40682769,,,,,,
1668673617.7858825,1202.27,0.5699999999999363,43.17865298,,,,,,
1668673678.2441015,1201.86,-0.4100000000000818,41.89058146,,,,,,
1668673738.6334484,1202.09,0.2300000000000182,43.37789529,,,,,,
1668673798.679145,1201.9,-0.1899999999998272,42.87633097,,,,,,
1668673858.6908655,1201.4,-0.5,41.72025761,,,,,,
1668673919.3063607,1202.92,1.5199999999999818,48.66133949,,,,,,
1668673980.4200811,1201.35,-1.5700000000001637,42.91926116,,,,,,
1668674039.4511094,1202.49,1.1400000000001,47.54397973,,,,,,
1668674100.3933623,1202.57,0.0799999999999272,47.89806691,,,,,,
1668674160.308343,1203.21,0.6400000000001,50.6657568,,,,,,
1668674221.0914574,1202.97,-0.2400000000000091,49.36034473,,,,,,
1668674280.9564636,1204.26,1.2899999999999636,54.85092658,,,,,,
1668674341.4399416,1203.88,-0.3799999999998817,52.92843679,,,,,,
1668674401.4061072,1204.39,0.5099999999999909,54.98363664,,,,,,
1668674461.9308236,1204.09,-0.3000000000001819,53.19342347,,,,,,
1668674521.913098,1203.29,-0.7999999999999545,49.22099127,,,,,,
1668674581.8171144,1203.35,0.0599999999999454,49.42279214,,,,,,
1668674642.611052,1203.23,-0.1199999999998908,48.69106971,,,,,,
1668674702.5894015,1203.13,-0.099999999999909,48.17757901,,,,,,
1668674762.545863,1203.46,0.3299999999999272,50.20174692,,,,,,
1668674823.582832,1203.61,0.1499999999998635,51.06893978,,,,,,
1668674883.858641,1203.15,-0.459999999999809,48.12254553,,,,,,
1668674943.4405994,1203.33,0.1799999999998363,49.19452063,,,,,,
1668675004.294192,1203.63,0.3000000000001819,51.42970005,,,,,,
1668675064.7269578,1204.75,1.1199999999998909,57.96852503,,,,,,
1668675124.4577606,1204.87,0.1199999999998908,58.63838857,,,,,,
1668675194.9381208,1204.01,-0.8599999999999,52.57088222,,,,,,
1668675245.524331,1203.75,-0.2599999999999909,50.69286515,,,,,,
1668675304.9392898,1203.48,-0.2699999999999818,48.765253,,,,,,
1668675366.3953605,1202.81,-0.6700000000000728,44.43511069,,,,,,
1668675426.105694,1203.05,0.2400000000000091,46.1847388,,,,,,
1668675486.1719909,1203.4,0.3500000000001364,48.72530152,,,,,,
1668675547.183226,1203.27,-0.1300000000001091,48.10504026,,,,,,
1668675606.8334336,1203.51,0.2400000000000091,50.07843948,,,,,,
1668675666.60908,1203.18,-0.3299999999999272,47.40658578,,,,,,
1668675727.6135693,1203.73,0.5499999999999545,51.98141598,,,,,,
1668675787.5769138,1204.05,0.3199999999999363,54.46423006,,,,,,
1668675847.8065825,1203.18,-0.8699999999998909,46.70741321,,,,,,
1668675908.6414294,1202.64,-0.5399999999999636,42.8208581,,,,,,
1668675968.5657294,1202.31,-0.3300000000001546,41.94499467,,,,,,
1668676028.706167,1203.05,0.7400000000000091,47.9178879,,,,,,
1668676089.317336,1202.63,-0.4199999999998454,44.81478514,,,,,,
1668676149.3114195,1203.44,0.8099999999999454,51.20255788,,,,,,
1668676209.373222,1201.66,-1.7799999999999727,38.59644846,,,,,,
1668676270.1615572,1201.23,-0.4300000000000636,36.09615729,,,,,,
1668676330.1896946,1201.41,0.1800000000000636,37.11153836,,,,,,
1668676390.2209113,1200.48,-0.9300000000000636,32.06974207,,,,,,
1668676451.512113,1200.69,0.2100000000000363,33.72355695,,,,,,
1668676511.6080043,1200.51,-0.1800000000000636,32.72258005,,,,,,
1668676571.5811808,1200.0,-0.5099999999999909,30.02953941,,,,,,
1668676632.423045,1200.45,0.4500000000000455,35.15111625,,,,,,
1668676692.48599,1200.01,-0.4400000000000545,32.70040679,,,,,,
1668676752.2753334,1200.71,0.7000000000000455,40.02830936,,,,,,
1668676813.215068,1200.13,-0.5799999999999272,36.53218752,,,,,,
1668676873.285008,1201.05,0.9199999999998454,44.84864089,,,,,,
1668676933.03682,1200.33,-0.7200000000000273,40.38828612,,,,,,
1668676994.0014784,1197.86,-2.470000000000028,29.53600546,,,,,,
1668677053.825065,1196.01,-1.849999999999909,24.32988272,,,,,,
1668677113.8449807,1197.75,1.740000000000009,35.88052779,,,,,,
1668677174.780002,1199.26,1.509999999999991,43.88255705,,,,,,
1668677234.7929096,1198.18,-1.0799999999999272,40.05411683,,,,,,
1668677295.0472124,1197.28,-0.900000000000091,37.14025501,,,,,,
1668677355.5606627,1196.29,-0.9900000000000092,34.16462215,,,,,,
1668677415.519457,1197.24,0.9500000000000456,39.17013572,,,,,,
1668677475.41791,1195.64,-1.599999999999909,34.40288535,,,,,,
1668677536.2260835,1195.63,-0.0099999999999909,34.17951103,,,,,,
1668677596.2012234,1193.46,-2.1700000000000728,28.73182819,,,,,,
1668677656.2629771,1185.64,-7.819999999999936,17.8230079,,,,,,
1668677717.1010616,1187.75,2.1099999999999,26.02260554,,,,,,
1668677777.1515803,1189.46,1.7100000000000364,31.9468199,,,,,,
1668677837.3443942,1191.42,1.9600000000000364,38.06872251,,,,,,
1668677898.2182329,1189.24,-2.180000000000064,34.3819516,,,,,,
1668677958.0012453,1189.47,0.2300000000000182,35.09857135,,,,,,
1668678018.0897126,1187.39,-2.0799999999999272,31.72431621,,,,,,
1668678078.7588882,1188.3,0.9099999999998544,34.69616632,,,,,,
1668678138.677374,1190.08,1.7799999999999727,40.14646168,,,,,,
1668678198.6083417,1190.0,-0.0799999999999272,39.9744784,,,,,,
