time,open,close,macd,mom,rsi
1668272473.5071783,0.04378,0.043698,3.424e-05,9.5e-05,52.93001329
1668272483.7046812,0.04378,0.043698,3.424e-05,9.5e-05,52.93001329
1668272493.4484031,0.04378,0.043698,3.424e-05,9.5e-05,52.93001329
1668272503.4806335,0.04378,0.043698,3.424e-05,9.5e-05,52.93001329
1668272513.4447465,0.04378,0.043698,3.424e-05,9.5e-05,52.93001329
1668272524.327702,0.04378,0.043698,3.424e-05,9.5e-05,52.93001329
1668272534.469491,0.04378,0.043698,3.424e-05,9.5e-05,52.93001329
1668272544.407369,0.04378,0.043698,3.424e-05,9.5e-05,52.93001329
1668272554.3207662,0.04378,0.043698,3.424e-05,9.5e-05,52.93001329
1668272961.260622,0.043729,0.043729,3.864e-05,-2.9e-05,52.91903581
1668272961.9070485,0.043729,0.043729,3.864e-05,-2.9e-05,52.91903581
1668273021.5784607,0.043678,0.043678,3.257e-05,-7.5e-05,49.0814482
1668273081.4152062,0.043778,0.043778,3.75e-05,0.000129,56.09365095
1668273141.267503,0.043713,0.043713,2.559e-05,-6.5e-05,51.4890104
1668273201.223138,0.043713,0.043729,2.687e-05,-4.9e-05,52.57287362
1668273261.3384628,0.04375,0.04375,2.698e-05,5.2e-05,54.02479149
1668273321.3215632,0.043768,0.043768,2.819e-05,-2e-05,55.28828909
1668273381.3855526,0.04368,0.043655,1.98e-05,-0.000116,46.62538063
1668273441.1268792,0.04368,0.04368,1.5e-05,-0.000119,48.54623305
1668273501.3450415,0.04368,0.043788,1.969e-05,2.8e-05,55.92552634
1668273561.1569045,0.043787,0.043672,1.388e-05,-6.1e-05,47.96815652
1668273621.2095168,0.043679,0.043679,9.73e-06,-6.7e-05,48.44486853
1668273681.2877944,0.04368,0.04368,6.44e-06,-4.9e-05,48.51743462
1668273741.2954867,0.043679,0.043679,6.8e-06,1.4e-05,48.40632269
1668273801.1223934,0.043636,0.043636,4.4e-07,-9.3e-05,45.61636234
1668273861.294162,0.043636,0.043633,2e-07,-9.6e-05,45.4336674
1668273921.204957,0.043647,0.043647,-1.031e-05,-0.000121,47.14197338
1668273981.3536303,0.043633,0.043633,-1.638e-05,-2.2e-05,46.36249638
1668274041.1690545,0.043633,0.043593,-1.957e-05,-6.2e-05,42.98989587
1668274101.2711272,0.043593,0.043593,-2.572e-05,-0.000195,42.98989587
1668274161.1831915,0.04366,0.04366,-1.617e-05,-1.2e-05,49.10213232
1668274221.561329,0.04366,0.043661,-1.609e-05,-1.1e-05,49.18050951
1668274281.341886,0.043661,0.043661,-1.436e-05,-1.8e-05,49.18050951
1668274341.3538227,0.043661,0.043661,-1.436e-05,-1.8e-05,49.18050951
1668274401.4786632,0.04373,0.04373,-7.34e-06,0.0,54.9366486
1668274461.2440524,0.043721,0.043721,1.99e-06,8.8e-05,53.99012175
1668274521.3735335,0.043721,0.043717,1.67e-06,8.4e-05,53.59033849
1668274581.4343553,0.043721,0.043717,1.67e-06,8.4e-05,53.59033849
1668274641.8416483,0.043652,0.043652,-4.35e-06,6e-05,47.78541232
1668274701.938679,0.043624,0.043624,-9.2e-06,3.1e-05,45.14786723
1668274761.3444123,0.043624,0.043644,-7.61e-06,5.1e-05,47.15120557
1668274821.1854825,0.04364,0.04364,-8.96e-06,4.7e-05,46.76629954
1668274881.3680892,0.043641,0.043641,-9.77e-06,-4.8e-05,46.86193571
1668274941.3788564,0.043623,0.043623,-1.284e-05,-3.8e-05,45.06776264
1668275001.2667384,0.043597,0.043597,-1.475e-05,-6.4e-05,42.85060401
1668275061.2107418,0.043584,0.043584,-2.138e-05,-0.000147,42.33942837
1668275121.247839,0.043584,0.043613,-1.907e-05,-0.000118,45.75480061
1668275181.3480678,0.043657,0.043657,-1.565e-05,-6e-05,50.54153266
1668275241.3529358,0.043586,0.043586,-1.845e-05,-4.3e-05,43.82171441
1668275301.370274,0.043586,0.043586,-1.845e-05,-4.3e-05,43.82171441
1668275361.2644048,0.043573,0.043573,-2.147e-05,-5.6e-05,42.70220158
1668275421.4075174,0.043573,0.043644,-1.581e-05,1.5e-05,49.7046159
1668275481.4085228,0.043573,0.043644,-1.581e-05,1.5e-05,49.7046159
1668275541.636472,0.043644,0.043644,-1.356e-05,0.0,49.7046159
1668275601.3679285,0.043569,0.043569,-1.763e-05,-7.2e-05,42.95821751
1668275662.2751129,0.043569,0.043569,-1.763e-05,-7.2e-05,42.95821751
1668275721.415272,0.043644,0.043644,-1.463e-05,2e-05,50.23272809
1668275782.111443,0.043644,0.043644,-1.463e-05,2e-05,50.23272809
1668275841.9777453,0.043644,0.043644,-1.212e-05,-1e-06,50.23272809
1668275902.9763288,0.04363,0.04363,-1.199e-05,1e-05,48.97711638
1668275962.8581636,0.04363,0.043661,-9.51e-06,4.1e-05,51.84728688
1668276022.90183,0.04363,0.043661,-9.51e-06,4.1e-05,51.84728688
1668276082.8818307,0.0436,0.0436,-1.136e-05,3.6e-05,46.32509105
1668276143.6693437,0.04366,0.04366,-5.42e-06,4.7e-05,51.75408586
1668276203.639192,0.04366,0.043754,2.08e-06,0.000141,59.20493922
1668276263.5896423,0.04375,0.04375,1.259e-05,0.000164,57.71853562
1668276324.740805,0.043748,0.043748,1.454e-05,0.000104,57.83271785
1668276384.8041525,0.043761,0.043761,2.007e-05,0.000117,58.82339562
1668276444.7050445,0.043761,0.043761,2.418e-05,0.000192,58.82339562
1668276505.5576413,0.043761,0.043793,2.673e-05,0.000224,61.23752017
1668276565.6003563,0.0438,0.043742,2.757e-05,9.8e-05,55.63876466
1668276625.567338,0.043797,0.043797,3.231e-05,0.000167,59.89698499
1668276687.5685802,0.043801,0.043801,3.836e-05,0.000161,60.20194358
1668276746.5771196,0.043801,0.043895,4.586e-05,0.000255,66.52300896
1668276806.4069972,0.043895,0.043895,5.826e-05,0.000195,66.52300896
1668276867.6062455,0.043934,0.043934,6.409e-05,0.000234,68.44479216
1668276927.6688216,0.043934,0.043874,5.931e-05,0.000174,63.79207228
1668276987.7193837,0.043799,0.043799,4.086e-05,3.8e-05,53.11829026
1668277048.497337,0.043799,0.04382,4.254e-05,5.9e-05,54.28124322
1668277108.5180967,0.043791,0.043791,3.603e-05,4.9e-05,52.54911842
1668277168.4022212,0.043791,0.043773,3.46e-05,3.1e-05,51.53929481
1668277229.9375265,0.043837,0.043837,3.621e-05,4e-05,55.09265213
1668277289.383294,0.043837,0.043883,3.988e-05,8.6e-05,57.34087299
1668277349.2815454,0.043837,0.043883,3.988e-05,8.6e-05,57.34087299
1668277410.206414,0.043837,0.043883,3.988e-05,8.6e-05,57.34087299
1668277470.3027213,0.043837,0.043883,3.988e-05,8.6e-05,57.34087299
1668277530.1491835,0.043882,0.043882,4.348e-05,8.2e-05,57.27374494
1668277591.376169,0.043818,0.043818,3.99e-05,-7.7e-05,53.05499911
1668277651.3228724,0.043818,0.043818,3.99e-05,-7.7e-05,53.05499911
1668277711.4938934,0.043818,0.043791,3.53e-05,-0.000104,51.31252263
1668277773.0682817,0.043804,0.043804,3.346e-05,0.000204,51.56161321
1668277832.350514,0.043855,0.043855,3.797e-05,-1.3e-05,54.83364733
1668277892.4780552,0.043855,0.043791,3.286e-05,-7.7e-05,50.43532955
1668277953.2296758,0.043858,0.043858,2.843e-05,8e-05,54.70983175
1668278013.1666975,0.043858,0.043787,2.277e-05,9e-06,50.22351898
1668278073.2620597,0.043882,0.043882,2.989e-05,-1e-06,56.44098729
1668278134.5856557,0.0439,0.0439,3.367e-05,3.1e-05,57.5776636
1668278194.355866,0.043865,0.043865,3.074e-05,4.7e-05,54.87124688
1668278254.8422856,0.043844,0.043844,2.954e-05,5.3e-05,52.8264021
1668278315.45285,0.043825,0.043825,2.506e-05,-4.1e-05,51.27845842
1668278375.43495,0.043873,0.043873,2.604e-05,7e-06,55.07406735
1668278435.344097,0.043873,0.043825,2.221e-05,-4.1e-05,51.27845842
1668278495.9833262,0.043832,0.043832,2.029e-05,4.1e-05,51.91646076
1668278556.2562823,0.043826,0.043826,1.806e-05,5.2e-05,51.29641159
1668278616.0793562,0.043827,0.043827,1.455e-05,-5.5e-05,51.40059186
1668278677.2843912,0.043826,0.043826,1.302e-05,-6.2e-05,51.27339221
1668278737.2612782,0.043826,0.043802,1.11e-05,-8.6e-05,48.39887877
1668278797.8591256,0.043777,0.043777,6.28e-06,-8.5e-05,45.53514609
1668278857.9415672,0.043769,0.043769,1.79e-06,-0.000108,44.62520749
1668278918.3209877,0.043763,0.043763,-2.72e-06,-6.6e-05,44.04606313
1668278978.097747,0.043763,0.043763,-2.72e-06,-6.6e-05,44.04606313
1668279038.8009386,0.043777,0.043777,-6.89e-06,-4.8e-05,46.33215578
1668279098.8581228,0.043777,0.043777,-6.89e-06,-4.8e-05,46.33215578
1668279158.7020004,0.043777,0.043777,-6.89e-06,-4.8e-05,46.33215578
1668279219.578018,0.043777,0.043777,-6.89e-06,-4.8e-05,46.33215578
1668279279.8888695,0.043777,0.043777,-6.89e-06,-4.8e-05,46.33215578
1668279340.452718,0.043777,0.043777,-6.89e-06,-4.8e-05,46.33215578
1668279400.694142,0.043797,0.04378,-7.49e-06,-5.2e-05,46.83343498
1668279460.932959,0.043797,0.04378,-7.49e-06,-5.2e-05,46.83343498
1668279520.9964552,0.043797,0.04378,-7.49e-06,-5.2e-05,46.83343498
1668279581.577617,0.043797,0.04378,-7.49e-06,-5.2e-05,46.83343498
1668279641.616758,0.043797,0.04378,-7.49e-06,-5.2e-05,46.83343498
1668279701.511182,0.043797,0.04378,-7.49e-06,-5.2e-05,46.83343498
1668279762.4933956,0.043797,0.04378,-7.49e-06,-5.2e-05,46.83343498
1668279822.267935,0.043781,0.043781,-7.79e-06,-4.5e-05,47.01110486
1668279883.1179595,0.043781,0.043781,-7.94e-06,-4.6e-05,47.01110486
1668279943.318654,0.043781,0.043781,-7.94e-06,-4.6e-05,47.01110486
1668280003.472803,0.04378,0.04378,-7.98e-06,-2.2e-05,46.81570653
1668280063.335402,0.043767,0.043767,-9.73e-06,-1e-05,44.41576377
1668280124.2397532,0.043767,0.0438,-7.1e-06,2.3e-05,51.24791909
1668280184.3981235,0.043767,0.0438,-7.1e-06,2.3e-05,51.24791909
1668280305.242552,0.04375,0.043746,-9.83e-06,-1.5e-05,42.12367586
1668280365.8972788,0.04375,0.043746,-9.83e-06,-1.5e-05,42.12367586
1668280425.1650052,0.043715,0.043715,-1.768e-05,-4.8e-05,37.94682749
1668280486.197838,0.043715,0.043715,-1.768e-05,-4.8e-05,37.94682749
1668280546.267622,0.043715,0.043715,-1.768e-05,-4.8e-05,37.94682749
1668280606.159078,0.043643,0.043643,-3.185e-05,-0.000137,29.93445748
1668280667.147483,0.043643,0.043729,-2.498e-05,-5.1e-05,44.82342706
1668280727.1736398,0.043643,0.043729,-2.498e-05,-5.1e-05,44.82342706
1668280787.2363875,0.043746,0.043754,-2.215e-05,-2.7e-05,48.30863068
1668280847.9736152,0.043746,0.043754,-2.215e-05,-2.7e-05,48.30863068
1668280908.4824612,0.04383,0.04383,-1.361e-05,4.9e-05,57.1662633
1668280968.124037,0.043713,0.043713,-1.628e-05,-6.8e-05,44.47873231
1668281028.7376044,0.043713,0.043727,-1.516e-05,-5.4e-05,45.70198372
1668281088.711873,0.04373,0.04373,-1.578e-05,-3.7e-05,46.04441829
1668281148.7333035,0.04373,0.04373,-1.609e-05,-7e-05,46.04441829
1668281209.9895055,0.04373,0.04373,-1.609e-05,-7e-05,46.04441829
1668281269.748387,0.043717,0.043717,-1.718e-05,-2.9e-05,44.62989226
1668281329.8067892,0.043717,0.043717,-1.718e-05,-2.9e-05,44.62989226
1668281390.5810814,0.043717,0.043717,-1.718e-05,-2.9e-05,44.62989226
1668281451.0708244,0.043721,0.043721,-1.752e-05,6e-06,45.18786374
1668281510.728623,0.043793,0.043793,-7.17e-06,7.8e-05,53.50865503
1668281571.4139602,0.043811,0.043811,-2.28e-06,0.000166,55.45705545
1668281631.296629,0.043791,0.043791,-3e-08,6.2e-05,52.80883076
1668281691.7718673,0.043795,0.043795,2.06e-06,4.1e-05,53.28926002
1668281752.5579228,0.043795,0.043795,3.67e-06,-3.2e-05,53.28926002
1668281812.4354825,0.043781,0.043781,3.65e-06,5.4e-05,51.19523752
1668281872.3555746,0.04378,0.04378,3.64e-06,5e-05,51.03936917
1668281933.1821334,0.043735,0.043698,-1.72e-06,-3.2e-05,40.90303784
1668281993.0844638,0.043698,0.043698,-7.15e-06,-1.9e-05,40.90303784
1668282053.1421468,0.043665,0.043733,-1.057e-05,-6.4e-05,46.86278686
1668282113.8863645,0.043665,0.043774,-7.3e-06,-2.3e-05,51.17706361
1668282173.933935,0.043674,0.043674,-1.324e-05,-0.000119,42.18143693
1668282233.9393766,0.043656,0.043656,-1.918e-05,-0.000155,40.79153767
1668282295.0769396,0.043721,0.043721,-1.843e-05,-7e-05,47.51678034
1668282355.0320127,0.0437,0.0437,-2.06e-05,-9.5e-05,45.51743573
1668282414.9392326,0.0437,0.043687,-2.164e-05,-0.000108,44.39007778
1668282476.0092802,0.043732,0.043732,-1.9e-05,-6.1e-05,49.09049852
1668282535.7441795,0.043695,0.043695,-2.436e-05,-8.6e-05,46.10232844
1668282595.581015,0.043695,0.04373,-2.156e-05,-5.1e-05,49.49907698
1668282674.6351876,0.043695,0.04373,-2.156e-05,-5.1e-05,49.49907698
1668282736.2907054,0.043695,0.04373,-2.156e-05,-5.1e-05,49.49907698
1668282776.603683,0.043695,0.04373,-2.156e-05,-5.1e-05,49.49907698
1668282837.4047687,0.043695,0.04373,-2.156e-05,-5.1e-05,49.49907698
1668282897.6904457,0.043695,0.04373,-2.156e-05,-5.1e-05,49.49907698
1668282957.471217,0.043695,0.04373,-2.156e-05,-5.1e-05,49.49907698
1668283018.4589446,0.043643,0.043643,-2.551e-05,-0.000157,42.35376342
1668283078.4857726,0.043643,0.043584,-3.022e-05,-0.000216,38.5772723
1668283138.4770384,0.043643,0.043584,-3.022e-05,-0.000216,38.5772723
1668283199.0842242,0.043677,0.043677,-2.924e-05,-2.1e-05,46.65203775
1668283259.481875,0.04366,0.04366,-2.949e-05,-5e-06,45.47517491
1668283319.2070508,0.04366,0.043654,-2.984e-05,-0.00012,45.04328574
1668283379.9252057,0.04366,0.043658,-2.952e-05,-0.000116,45.33029454
1668283440.2734456,0.04366,0.043658,-2.952e-05,-0.000116,45.33029454
1668283499.9378564,0.04366,0.043658,-2.952e-05,-0.000116,45.33029454
1668283562.0781388,0.04366,0.043658,-2.952e-05,-0.000116,45.33029454
1668283621.197229,0.04366,0.043658,-2.952e-05,-0.000116,45.33029454
1668283681.0335157,0.043663,0.043663,-2.88e-05,-1.1e-05,45.79523497
1668283741.894059,0.043663,0.043663,-2.88e-05,-1.1e-05,45.79523497
1668283802.093042,0.043663,0.043663,-2.88e-05,-1.1e-05,45.79523497
1668283862.4001737,0.043663,0.043663,-2.88e-05,-1.1e-05,45.79523497
1668283922.7453792,0.043739,0.043739,-2.185e-05,8.3e-05,52.41910036
1668283982.7750864,0.04374,0.043717,-1.79e-05,1.7e-05,50.49547598
1668284042.8598256,0.043726,0.043755,-1.152e-05,6.8e-05,53.66467841
1668284104.4492283,0.043755,0.043733,-8.2e-06,7.7e-05,51.60214522
1668284163.8447642,0.043741,0.043755,-4.43e-06,2.5e-05,53.4639387
1668284223.9525957,0.043724,0.043724,-6.91e-06,0.00014,50.9207226
1668284284.763365,0.043785,0.043785,-1.6e-07,0.000108,56.09747565
1668284344.6018257,0.043821,0.043821,8.01e-06,0.000161,58.85568051
1668284404.6158988,0.043849,0.043849,1.655e-05,0.000191,60.9125853
1668284465.5892353,0.043815,0.043785,1.794e-05,0.000122,54.2381326
1668284525.403745,0.043815,0.043785,1.794e-05,0.000122,54.2381326
1668284585.418332,0.043785,0.043785,1.883e-05,4.6e-05,54.2381326
1668284646.781719,0.043853,0.043853,2.474e-05,0.000135,59.68198205
1668284706.4286177,0.043853,0.043853,2.909e-05,9.8e-05,59.68198205
1668284766.553541,0.043829,0.043829,3.025e-05,0.000107,56.91077751
1668284827.1613426,0.043796,0.043796,2.83e-05,0.000101,53.23470885
1668284887.2828605,0.043796,0.043796,2.633e-05,7.2e-05,53.23470885
1668284947.1871796,0.043796,0.043796,2.633e-05,7.2e-05,53.23470885
1668285007.9083416,0.043796,0.043796,2.633e-05,7.2e-05,53.23470885
1668285068.25863,0.043816,0.043816,2.608e-05,3.1e-05,55.25735613
1668285128.0518403,0.043898,0.043898,3.213e-05,7.7e-05,62.43176115
1668285189.7547028,0.043898,0.043938,3.532e-05,0.000117,65.15712429
1668285249.8267317,0.043898,0.043938,3.532e-05,0.000117,65.15712429
1668285309.8812797,0.043898,0.043938,3.532e-05,0.000117,65.15712429
1668285370.773719,0.043922,0.043922,4.088e-05,7.3e-05,63.18267394
1668285430.9947212,0.043922,0.043937,4.596e-05,0.000152,64.27563523
1668285490.840385,0.043926,0.043926,4.855e-05,0.000141,62.80325227
1668285551.7500343,0.043938,0.043938,5.172e-05,8.5e-05,64.35161288
1668285611.920153,0.043938,0.043938,5.172e-05,8.5e-05,64.35161288
1668285671.9882405,0.043938,0.043938,5.172e-05,8.5e-05,64.35161288
1668285732.5397158,0.043819,0.043819,3.935e-05,-1.2e-05,49.39420767
1668285792.6534998,0.043819,0.043819,3.935e-05,-1.2e-05,49.39420767
1668285852.7096138,0.043907,0.043907,3.954e-05,0.000111,57.58899822
1668285913.6601207,0.043907,0.043907,3.954e-05,0.000111,57.58899822
1668285973.7507355,0.043999,0.043999,4.749e-05,6.1e-05,64.82933943
1668286033.6777666,0.043999,0.044046,5.123e-05,0.000108,67.72088767
1668286094.4555497,0.043974,0.043974,4.723e-05,5.2e-05,63.13775464
1668286154.6310737,0.043974,0.044017,5.066e-05,9.5e-05,66.25897001
1668286215.0841928,0.043974,0.04401,5.01e-05,8.8e-05,65.7873874
1668286275.58965,0.044001,0.044036,5.597e-05,9.9e-05,67.59881241
1668286335.4734418,0.044001,0.044036,5.597e-05,9.9e-05,67.59881241
1668286395.5212812,0.044001,0.044036,5.597e-05,9.9e-05,67.59881241
1668286456.7766955,0.044036,0.044042,6.041e-05,0.000104,68.0196169
1668286517.0697217,0.044036,0.043996,5.952e-05,5.8e-05,61.43231477
1668286576.8446205,0.044036,0.043996,5.952e-05,5.8e-05,61.43231477
1668286637.6613612,0.044036,0.043996,5.952e-05,5.8e-05,61.43231477
1668286697.5842085,0.043996,0.044037,6.142e-05,0.000169,64.71254583
1668286758.673803,0.043974,0.043974,5.719e-05,0.000155,56.72849165
1668286818.405882,0.043943,0.043943,5.075e-05,3.6e-05,53.24722119
1668286878.3432455,0.043943,0.043942,5.067e-05,3.5e-05,53.14202187
1668286938.4423554,0.043965,0.043595,1.73e-05,-0.000312,30.57134254
1668286999.1344934,0.043836,0.043903,1.553e-05,-3.8e-05,50.6192866
1668287059.169032,0.043889,0.043867,1.109e-05,-9.5e-05,48.84395941
1668287119.0804825,0.043906,0.043903,1.036e-05,-0.000107,50.70580164
1668287180.125335,0.043804,0.043804,1.77e-06,-0.000232,45.77218937
1668287240.7570825,0.043794,0.043794,-9.38e-06,-0.000202,45.13074475
1668287300.1996214,0.043802,0.043802,-1.119e-05,-0.000235,45.80404642
1668287360.9642408,0.043795,0.043795,-1.481e-05,-0.000179,45.36937129
1668287420.97982,0.043899,0.043899,-7.52e-06,-4.3e-05,51.69113181
1668287480.9200916,0.043899,0.04377,-1.781e-05,-0.000172,44.077758
1668287541.5722563,0.04383,0.043824,-1.822e-05,0.000229,47.66721117
1668287601.9990847,0.04381,0.04381,-1.538e-05,-5.7e-05,46.96257999
1668287661.635557,0.04381,0.043758,-1.953e-05,-0.000109,44.29318345
1668287722.9109747,0.043808,0.043808,-2.026e-05,-9.5e-05,47.38976641
1668287782.7433164,0.043808,0.043808,-2.026e-05,-9.5e-05,47.38976641
1668287842.6586833,0.04394,0.04394,-1.007e-05,8.8e-05,54.56953107
1668287903.751525,0.04394,0.043879,-1.494e-05,2.7e-05,51.51155457
1668287977.8447812,0.043848,0.043848,-1.307e-05,5.4e-05,49.68136131
1668288023.4707232,0.043848,0.043849,-1.299e-05,5.5e-05,49.73836751
1668288084.3556287,0.043788,0.043788,-1.905e-05,-2.8e-05,46.36974663
1668288144.378161,0.043788,0.043779,-1.977e-05,-3.7e-05,45.77856488
1668288204.347829,0.043804,0.043804,-1.98e-05,-3.2e-05,47.50947403
1668288265.578859,0.043804,0.043955,-7.75e-06,0.000119,55.99440151
1668288325.5519316,0.043943,0.043943,1.768e-05,0.000119,53.26028772
1668288385.5847924,0.043984,0.043984,2.512e-05,9.6e-05,55.1572624
1668288446.330557,0.043984,0.044057,3.094e-05,0.000169,58.08640894
1668288506.2616794,0.044111,0.044111,4.341e-05,0.000353,60.1751833
1668288566.4625049,0.044047,0.044047,4.796e-05,0.000239,56.60315404
1668288627.311631,0.044047,0.044066,4.948e-05,0.000258,57.61854549
1668288687.05337,0.044124,0.044124,5.7e-05,0.000245,59.67452094
1668288747.225481,0.044124,0.044009,4.782e-05,0.00013,54.54076151
1668288807.8793173,0.043965,0.043965,4.274e-05,0.000116,52.22473985
1668288867.9467432,0.044006,0.043959,3.62e-05,0.00018,51.91109639
1668288927.916885,0.044033,0.044033,4.46e-05,8.9e-05,54.68371358
1668288988.8951836,0.043964,0.043964,3.551e-05,-0.000153,51.28054393
1668289048.843258,0.043894,0.043894,2.627e-05,-7.3e-05,47.80709974
1668289109.1604624,0.043894,0.043894,2.627e-05,-7.3e-05,47.80709974
1668289169.6986723,0.043894,0.043894,2.627e-05,-7.3e-05,47.80709974
1668289229.7038634,0.043944,0.043944,2.273e-05,-0.000107,50.39184318
1668289289.6091225,0.04401,0.04401,2.422e-05,-0.000101,53.69405732
1668289350.729485,0.04401,0.043932,1.799e-05,-0.000179,49.79513352
1668289410.6322565,0.043951,0.043951,1.579e-05,-4.1e-05,50.78659162
1668289470.3135028,0.043951,0.043951,1.579e-05,-4.1e-05,50.78659162
1668289531.362326,0.043929,0.043929,1.249e-05,7e-06,49.4019928
1668289591.2709713,0.043929,0.043945,1.376e-05,2.3e-05,50.40133501
1668289651.4129286,0.043929,0.043945,1.376e-05,2.3e-05,50.40133501
1668289712.144922,0.043929,0.043945,1.376e-05,2.3e-05,50.40133501
1668289772.1812477,0.043929,0.043945,1.376e-05,2.3e-05,50.40133501
1668289832.1095722,0.043929,0.043945,1.376e-05,2.3e-05,50.40133501
1668289892.7837975,0.043945,0.043945,1.202e-05,-1.4e-05,50.40133501
1668289952.9631395,0.043945,0.043945,1.051e-05,-0.000143,50.40133501
1668290013.048895,0.043945,0.043945,1.051e-05,-0.000143,50.40133501
1668290073.7829747,0.043945,0.043945,1.051e-05,-0.000143,50.40133501
1668290133.7324831,0.043977,0.043977,9.72e-06,1.3e-05,52.91163063
1668290193.9095654,0.043977,0.043998,1.139e-05,3.4e-05,54.38759021
1668290254.900434,0.043977,0.043998,1.139e-05,3.4e-05,54.38759021
1668290314.6433976,0.044,0.044,1.407e-05,0.000106,54.53375584
1668290374.639156,0.044,0.044,1.407e-05,0.000106,54.53375584
1668290436.400137,0.043951,0.043951,1.21e-05,1.9e-05,50.28238586
1668290495.279059,0.044,0.044,1.734e-05,6.8e-05,54.53375584
1668290555.308006,0.043999,0.043999,1.811e-05,3.3e-05,54.4248419
1668290616.1002169,0.043999,0.043999,1.856e-05,4.8e-05,54.41648192
1668290675.9404066,0.043999,0.044,1.864e-05,4.9e-05,54.53375584
1668290736.1004791,0.043999,0.044,1.864e-05,4.9e-05,54.53375584
1668290797.0952497,0.043985,0.043985,1.448e-05,4e-05,52.5832771
1668290857.2735765,0.043985,0.043985,1.448e-05,4e-05,52.5832771
1668290917.3251605,0.043975,0.043975,1.104e-05,3e-05,51.76356096
1668290977.795712,0.043986,0.043986,1.129e-05,5.6e-05,53.02904827
1668291037.935418,0.04395,0.04395,6.26e-06,-4.8e-05,48.77687389
1668291097.799403,0.043999,0.043999,1.149e-05,-1e-06,54.30962969
1668291158.5625503,0.043995,0.043995,1.208e-05,-5e-06,53.74987341
1668291218.6606202,0.043994,0.043994,1.219e-05,-6e-06,53.61415
1668291278.6321526,0.043994,0.043994,1.219e-05,-6e-06,53.61415
1668291340.0607128,0.043994,0.043994,1.219e-05,-6e-06,53.61415
1668291400.047383,0.04393,0.04393,7.1e-06,-7e-05,45.15162404
1668291459.80131,0.04393,0.043968,1.013e-05,-3.2e-05,49.82073675
1668291521.2648706,0.043895,0.043895,2.58e-06,-0.000105,41.04064414
1668291580.781261,0.043895,0.043895,2.58e-06,-0.000105,41.04064414
1668291640.853554,0.043895,0.043895,2.58e-06,-0.000105,41.04064414
1668291701.6093223,0.043879,0.043879,-9.26e-06,-7.1e-05,39.28094909
1668291761.5297508,0.043841,0.043841,-1.681e-05,-0.000134,35.3988977
1668291821.7159665,0.043801,0.043801,-3.003e-05,-0.000149,34.59610706
1668291882.6337144,0.043801,0.043801,-3.567e-05,-0.000199,34.59610706
1668291942.7045715,0.043779,0.043779,-4.144e-05,-0.000221,32.74771528
1668292002.6979425,0.043801,0.043786,-4.358e-05,-0.000208,33.21934969
1668292063.7509944,0.043801,0.043786,-4.358e-05,-0.000208,33.21934969
1668292123.9096096,0.043833,0.043894,-3.751e-05,-0.0001,48.96652051
1668292183.6568244,0.043833,0.043894,-3.751e-05,-0.0001,48.96652051
1668292244.1131952,0.043803,0.043803,-3.959e-05,-0.000165,40.33583541
1668292304.3151658,0.043803,0.043803,-3.959e-05,-0.000165,40.33583541
1668292364.4450257,0.043803,0.043803,-3.959e-05,-0.000165,40.33583541
1668292425.3246295,0.043803,0.043803,-3.959e-05,-0.000165,40.33583541
1668292485.0638492,0.043803,0.043803,-3.959e-05,-0.000165,40.33583541
1668292545.4109535,0.043803,0.043803,-3.959e-05,-0.000165,40.33583541
1668292606.1778936,0.043811,0.043811,-4.013e-05,-8.4e-05,41.31511247
1668292666.007463,0.043811,0.04381,-4.021e-05,-8.5e-05,41.19446444
1668292726.0427113,0.04383,0.04383,-3.864e-05,-6.5e-05,43.68796717
1668292786.9357202,0.04383,0.04383,-3.864e-05,-6.5e-05,43.68796717
1668292847.0442731,0.04383,0.04383,-3.864e-05,-6.5e-05,43.68796717
1668292906.8726988,0.04383,0.04383,-3.864e-05,-6.5e-05,43.68796717
1668292967.5936406,0.043827,0.043827,-3.549e-05,5.6e-05,43.36806125
1668293027.6324863,0.043827,0.043809,-3.692e-05,3.8e-05,41.54287079
1668293087.8854766,0.043827,0.043809,-3.692e-05,3.8e-05,41.54287079
1668293148.5699651,0.043827,0.043809,-3.692e-05,3.8e-05,41.54287079
1668293208.6443186,0.043827,0.043809,-3.692e-05,3.8e-05,41.54287079
1668293268.7437482,0.043827,0.043809,-3.692e-05,3.8e-05,41.54287079
1668293329.454431,0.043827,0.043809,-3.692e-05,3.8e-05,41.54287079
1668293389.4759605,0.043809,0.043809,-3.646e-05,8e-06,41.54287079
1668293449.6831522,0.04381,0.04381,-3.554e-05,9e-06,41.68969433
1668293510.3476882,0.043884,0.043884,-2.851e-05,8.3e-05,52.02170186
1668293570.0715826,0.043884,0.043884,-2.851e-05,8.3e-05,52.02170186
1668293630.5439143,0.043879,0.043879,-2.314e-05,9.3e-05,51.35887926
1668293691.0811768,0.043848,0.043848,-2.127e-05,-4.6e-05,47.34931786
1668293751.194209,0.043848,0.043865,-1.991e-05,-2.9e-05,49.47736428
1668293811.125246,0.043887,0.043887,-1.527e-05,8.4e-05,52.45538134
1668293872.005286,0.043833,0.043833,-1.577e-05,2.3e-05,45.384064
1668293931.8969643,0.043833,0.043836,-1.553e-05,2.6e-05,45.72652091
1668293991.9129508,0.043805,0.043805,-1.803e-05,-2.5e-05,42.18427835
1668294053.7449374,0.043882,0.043882,-1.377e-05,5.2e-05,52.10604626
1668294114.0042524,0.043882,0.04386,-1.552e-05,3e-05,49.65821725
1668294173.994383,0.043882,0.04386,-1.552e-05,3e-05,49.65821725
1668294234.7511425,0.043882,0.04386,-1.552e-05,3e-05,49.65821725
1668294294.5337095,0.043882,0.04386,-1.552e-05,3e-05,49.65821725
1668294354.7315516,0.043882,0.04386,-1.552e-05,3e-05,49.65821725
1668294415.4507563,0.043882,0.04386,-1.552e-05,3e-05,49.65821725
1668294475.6195164,0.043882,0.04386,-1.552e-05,3e-05,49.65821725
1668294535.633703,0.043882,0.04386,-1.552e-05,3e-05,49.65821725
1668294596.4181376,0.043882,0.04386,-1.552e-05,3e-05,49.65821725
1668294656.6729157,0.043882,0.04386,-1.552e-05,3e-05,49.65821725
1668294716.534997,0.043927,0.043927,-7.91e-06,0.000118,56.88529335
1668294777.3741567,0.043927,0.043927,-7.91e-06,0.000118,56.88529335
1668294837.4615824,0.043927,0.043927,-1.85e-06,0.000117,56.88529335
1668294897.0900302,0.043964,0.043964,5.86e-06,0.000153,60.51569612
1668294958.2192078,0.043964,0.043965,5.94e-06,0.000154,60.60534914
1668295018.1570995,0.043965,0.043965,1.198e-05,8.1e-05,60.60534914
1668295078.2395065,0.043965,0.043965,1.198e-05,8.1e-05,60.60534914
1668295138.9410293,0.043946,0.043946,1.506e-05,6.9e-05,57.71752281
1668295199.0735683,0.043946,0.043965,1.658e-05,8.8e-05,60.60534914
1668295258.911902,0.043946,0.043965,1.658e-05,8.8e-05,60.60534914
1668295319.7129335,0.043946,0.043965,1.658e-05,8.8e-05,60.60534914
1668295379.6770966,0.043946,0.043965,1.658e-05,8.8e-05,60.60534914
1668295439.6128998,0.043946,0.043965,1.658e-05,8.8e-05,60.60534914
1668295500.695305,0.043987,0.043987,2.175e-05,0.000122,62.91885341
1668295561.1927652,0.043964,0.043964,2.371e-05,7.7e-05,59.01675502
1668295620.5810735,0.043908,0.043908,2.052e-05,7.2e-05,50.76205189
1668295681.6268065,0.043929,0.043929,1.859e-05,0.000126,53.29538035
1668295741.3269982,0.043965,0.044075,2.933e-05,0.000215,66.0267071
1668295801.3604617,0.044084,0.044086,3.835e-05,0.000159,66.76150394
1668295862.145394,0.044092,0.044108,4.433e-05,0.000181,66.67451919
1668295922.0150526,0.044107,0.044107,5.087e-05,0.000142,66.54399607
1668295982.3329728,0.044103,0.044104,5.518e-05,0.000139,66.12577655
1668296043.5331874,0.044103,0.044104,5.518e-05,0.000139,66.12577655
1668296103.7058735,0.044104,0.044103,5.784e-05,0.000138,65.97692584
1668296163.4911394,0.044102,0.044102,5.919e-05,0.000115,65.8173727
1668296224.1995714,0.044103,0.044103,5.965e-05,0.000139,65.9061647
1668296284.1817005,0.044053,0.044052,5.329e-05,0.000158,58.03881195
1668296344.2333903,0.044052,0.044072,5.13e-05,0.000144,60.16099938
1668296405.1282637,0.044072,0.044104,5.165e-05,2.9e-05,63.36101697
1668296465.051989,0.044071,0.044071,4.673e-05,2.4e-05,60.06000109
1668296525.0339935,0.043964,0.043964,2.872e-05,-0.000144,45.93429426
1668296585.8506317,0.044021,0.044084,3.56e-05,-2.3e-05,57.95146678
1668296645.8430371,0.044045,0.044033,2.876e-05,-7.1e-05,53.2811293
1668296705.831415,0.044052,0.044037,2.664e-05,-6.6e-05,53.73252015
1668296766.668134,0.044052,0.044037,2.664e-05,-6.6e-05,53.73252015
1668296825.643438,0.044052,0.044037,2.664e-05,-6.6e-05,53.73252015
1668296885.9468918,0.044038,0.04406,2.651e-05,-4.2e-05,56.34439833
1668296945.6872544,0.044085,0.044084,2.728e-05,1.3e-05,59.03586448
1668297005.75798,0.044072,0.044072,2.736e-05,2e-05,57.20237785
1668297065.922647,0.044053,0.044053,2.56e-05,-1.8e-05,54.32549264
1668297125.593983,0.044053,0.043937,1.635e-05,-0.000134,41.56335476
1668297185.6256645,0.044053,0.043937,1.635e-05,-0.000134,41.56335476
1668297245.948856,0.043998,0.043998,1.24e-05,-7.3e-05,48.42482241
1668297305.7725482,0.043998,0.043998,1.24e-05,-7.3e-05,48.42482241
1668297365.702199,0.043999,0.044097,1.706e-05,0.000142,57.20687091
1668297425.7741437,0.044097,0.044023,1.462e-05,-1.4e-05,50.31085848
1668297535.133325,0.0441,0.04408,1.708e-05,4.8e-05,54.82784195
1668297595.7976916,0.044097,0.044097,2.017e-05,6.4e-05,56.10933976
1668297655.1008255,0.043986,0.044012,1.029e-05,-2.5e-05,49.10291688
1668297716.075455,0.044075,0.044075,1.283e-05,2.7e-05,54.22958405
1668297776.1054602,0.044075,0.043989,5.97e-06,-5.9e-05,47.17388589
1668297835.8427467,0.04396,0.04396,2e-07,-0.000124,44.78487503
1668297896.9740214,0.04396,0.043969,9.2e-07,-0.000115,45.499984
1668297956.803985,0.043937,0.043937,-5.6e-06,-0.000135,42.8783556
1668298021.318326,0.043988,0.043988,-5.77e-06,5.1e-05,47.84149247
1668298077.9351196,0.043988,0.043988,-5.77e-06,5.1e-05,47.84149247
1668298137.6343536,0.044033,0.044033,-3.07e-06,3.5e-05,52.12497291
1668298197.68442,0.043951,0.044013,-2.51e-06,-8.4e-05,50.15356888
1668298258.3929565,0.043951,0.044013,-2.51e-06,-8.4e-05,50.15356888
1668298318.4873805,0.043951,0.044013,-2.51e-06,-8.4e-05,50.15356888
1668298378.485531,0.044013,0.044013,-2.04e-06,-1e-05,50.15356888
1668298439.2260296,0.043954,0.043954,-6.36e-06,-0.000126,44.40742179
1668298499.2348392,0.043954,0.044013,-1.65e-06,-6.7e-05,50.15356888
1668298559.2167883,0.043954,0.044013,-1.65e-06,-6.7e-05,50.15356888
1668298620.709119,0.04401,0.04401,-1.57e-06,-1e-06,49.80070226
1668298680.0704114,0.043943,0.043943,-1.095e-05,-6.9e-05,43.0380795
1668298739.990915,0.043943,0.043943,-1.095e-05,-6.9e-05,43.0380795
1668298800.9667242,0.043944,0.043944,-1.608e-05,-2.5e-05,43.17165883
1668298860.9003897,0.043944,0.043944,-1.759e-05,-6e-06,43.17165883
1668298920.88414,0.043945,0.043943,-1.865e-05,-4.5e-05,43.04558143
1668298981.6543205,0.043943,0.043943,-1.927e-05,-9e-05,43.04558143
1668299041.924463,0.043913,0.043913,-1.953e-05,-0.0001,40.77926669
1668299101.668574,0.043915,0.043915,-2.179e-05,-9.8e-05,41.09607277
1668299162.8839746,0.04386,0.04386,-2.991e-05,-0.000153,35.56982805
1668299222.8249848,0.043879,0.043879,-3.217e-05,-6.4e-05,38.73638427
1668299282.7252576,0.043863,0.043863,-3.602e-05,-8e-05,36.13116792
1668299343.5174675,0.04391,0.04386,-3.768e-05,-8.4e-05,35.79531627
1668299403.5578074,0.04391,0.043843,-3.904e-05,-0.000101,34.00419242
1668299463.3954985,0.04391,0.043843,-3.904e-05,-0.000101,34.00419242
1668299524.2670922,0.043873,0.043873,-3.856e-05,-7.1e-05,39.73506946
1668299584.3774264,0.043738,0.043738,-5.523e-05,-0.000206,25.39196834
1668299645.056367,0.043738,0.043795,-5.068e-05,-0.000149,32.87511495
1668299705.3814886,0.043768,0.043768,-5.494e-05,-0.000175,30.63317518
1668299765.3594034,0.043768,0.043864,-4.729e-05,-7.9e-05,43.45152234
1668299825.281149,0.043768,0.043864,-4.729e-05,-7.9e-05,43.45152234
1668299886.17206,0.043792,0.043792,-4.983e-05,-0.00019,36.91527072
1668299946.2399015,0.043825,0.043825,-4.862e-05,-8.8e-05,41.275499
1668300006.3636117,0.043825,0.043821,-4.894e-05,-9.2e-05,40.77935912
1668300067.0383255,0.043825,0.043821,-4.894e-05,-9.2e-05,40.77935912
1668300127.0990653,0.043795,0.043795,-4.976e-05,-8.4e-05,38.50232371
1668300187.6928065,0.043795,0.043764,-5.223e-05,-0.000115,36.09899671
1668300248.3210683,0.043795,0.043764,-5.223e-05,-0.000115,36.09899671
1668300308.3406646,0.043715,0.043715,-5.813e-05,-0.000145,32.63174556
1668300383.5260117,0.043716,0.043703,-6.353e-05,-0.000157,31.86304362
1668300429.738483,0.043756,0.043756,-6.232e-05,-0.000107,39.0354317
1668300489.4085114,0.043801,0.043781,-5.589e-05,-6.2e-05,42.37320725
1668300549.249071,0.043781,0.043781,-5.302e-05,1.7e-05,42.37320725
1668300610.1446693,0.043781,0.043781,-5.018e-05,-1.4e-05,42.37320725
1668300670.926539,0.043744,0.043744,-5.261e-05,-0.00012,39.19564856
1668300730.1491082,0.043789,0.043789,-4.801e-05,-3e-06,45.01199618
1668300791.0633109,0.04378,0.04378,-4.377e-05,-4.1e-05,44.3186868
1668300850.9701717,0.043771,0.043771,-4.143e-05,7e-06,43.4179458
1668300910.920945,0.043771,0.043771,-4.143e-05,7e-06,43.4179458
1668300972.1095695,0.043777,0.043777,-3.87e-05,7e-05,44.22538509
1668301032.1083224,0.043777,0.043777,-3.87e-05,7e-05,44.22538509
1668301092.0047643,0.043853,0.043853,-3.006e-05,0.00015,53.31342464
1668301153.1147077,0.043853,0.04377,-3.668e-05,6.7e-05,43.44642239
1668301213.1044445,0.043834,0.043834,-2.952e-05,3.3e-05,51.80448164
1668301272.9169655,0.043791,0.043791,-2.706e-05,1e-05,46.77961407
1668301333.5388567,0.043791,0.043791,-2.706e-05,1e-05,46.77961407
1668301393.6483896,0.04377,0.04377,-2.65e-05,-1.1e-05,44.50901331
1668301453.5530672,0.043751,0.043751,-2.85e-05,7e-06,42.67878562
1668301514.795166,0.043744,0.043744,-2.906e-05,0.0,41.9285729
1668301574.5902977,0.043744,0.043744,-2.906e-05,0.0,41.9285729
1668301634.587865,0.043744,0.043744,-2.906e-05,0.0,41.9285729
1668301695.4055717,0.043823,0.043823,-2.255e-05,4.2e-05,52.7823786
1668301755.814457,0.043823,0.043823,-2.255e-05,4.2e-05,52.7823786
1668301815.3178475,0.043823,0.043823,-2.255e-05,4.2e-05,52.7823786
1668301876.1999347,0.043823,0.043823,-2.255e-05,4.2e-05,52.7823786
1668301936.2064257,0.043747,0.043788,-1.997e-05,1.7e-05,48.45727041
1668301996.346217,0.043747,0.043788,-1.997e-05,1.7e-05,48.45727041
1668302057.6944106,0.043747,0.043788,-1.997e-05,1.7e-05,48.45727041
1668302117.5353477,0.043747,0.043788,-1.997e-05,1.7e-05,48.45727041
1668302177.6915324,0.043747,0.043788,-1.997e-05,1.7e-05,48.45727041
1668302238.5939395,0.043744,0.04372,-2.314e-05,-5.7e-05,41.3652605
1668302298.4711857,0.043706,0.043706,-2.648e-05,-6.5e-05,40.06514797
1668302358.601819,0.04372,0.04372,-2.767e-05,-0.000114,42.02739062
1668302419.4380214,0.043712,0.043712,-2.893e-05,-7.9e-05,41.19736903
1668302479.295346,0.043706,0.043706,-3.007e-05,-4.4e-05,40.55052526
1668302539.3270347,0.043706,0.043705,-3.015e-05,-4.5e-05,40.44468762
1668302600.1561985,0.043706,0.043705,-3.015e-05,-4.5e-05,40.44468762
1668302660.289739,0.043706,0.043705,-3.015e-05,-4.5e-05,40.44468762
1668302720.2393649,0.043706,0.043705,-3.015e-05,-4.5e-05,40.44468762
1668302781.2001455,0.043706,0.043705,-3.015e-05,-4.5e-05,40.44468762
1668302841.2152195,0.043706,0.043705,-3.015e-05,-4.5e-05,40.44468762
1668302901.2390945,0.043706,0.043705,-3.015e-05,-4.5e-05,40.44468762
1668302961.9806602,0.043706,0.043705,-3.015e-05,-4.5e-05,40.44468762
1668303022.1952662,0.043706,0.043705,-3.015e-05,-4.5e-05,40.44468762
1668303082.0388277,0.043706,0.043705,-3.015e-05,-4.5e-05,40.44468762
1668303142.9386716,0.043712,0.043712,-3.02e-05,-3.9e-05,41.59385926
1668303202.921177,0.043712,0.043712,-3.02e-05,-3.9e-05,41.59385926
1668303262.8071675,0.043712,0.043712,-3.02e-05,-3.9e-05,41.59385926
1668303324.117512,0.043712,0.043712,-3.02e-05,-3.9e-05,41.59385926
1668303383.9069018,0.043705,0.043705,-3.046e-05,-3.9e-05,40.74712707
1668303443.899497,0.043666,0.043666,-3.675e-05,-7.9e-05,37.74436715
1668303504.709613,0.043666,0.043655,-3.762e-05,-9e-05,35.91057865
1668303564.6388762,0.043666,0.043655,-3.762e-05,-9e-05,35.91057865
1668303624.757376,0.043666,0.043655,-3.762e-05,-9e-05,35.91057865
1668303685.6571152,0.04367,0.04367,-3.828e-05,-0.000118,38.56793011
1668303745.4832256,0.04367,0.04367,-3.828e-05,-0.000118,38.56793011
1668303805.4468863,0.04367,0.04367,-3.828e-05,-0.000118,38.56793011
1668303866.855739,0.043598,0.043598,-4.522e-05,-0.000108,31.12313883
1668303926.711658,0.043598,0.043584,-4.634e-05,-0.000122,29.95477891
1668303987.030373,0.043576,0.043576,-5.354e-05,-0.000136,29.27840429
1668304047.6336806,0.043607,0.043607,-4.972e-05,-9.8e-05,36.50993845
1668304107.6238103,0.043607,0.043767,-3.696e-05,6.2e-05,56.18236345
1668304167.5347922,0.043831,0.043827,-2.176e-05,0.000115,61.2592909
1668304228.1888478,0.043793,0.043793,-2.62e-06,0.000138,56.88959972
1668304288.3345137,0.043697,0.043697,-1.304e-05,2.7e-05,47.96440284
1668304348.3397174,0.043697,0.043697,-1.304e-05,2.7e-05,47.96440284
1668304409.1450846,0.043666,0.043666,-9.77e-06,3.4e-05,45.92203846
1668304468.9221268,0.043666,0.043666,-9.77e-06,3.4e-05,45.92203846
1668304528.929389,0.043666,0.043666,-9.77e-06,3.4e-05,45.92203846
1668304590.185968,0.043666,0.043666,-9.77e-06,3.4e-05,45.92203846
1668304650.0895028,0.043666,0.043666,-9.77e-06,3.4e-05,45.92203846
1668304710.1719596,0.043666,0.043666,-9.77e-06,3.4e-05,45.92203846
1668304770.7966645,0.043702,0.043702,-9.59e-06,0.000118,48.70791189
1668304831.0939422,0.043702,0.043702,-9.59e-06,0.000118,48.70791189
1668304890.8196898,0.043702,0.043702,-9.59e-06,0.000118,48.70791189
1668304951.5599213,0.043726,0.043726,-5.65e-06,0.000102,50.53732624
1668305011.8584738,0.043647,0.043647,-1.82e-05,-0.00012,45.69995719
1668305071.586162,0.043621,0.043621,-2.208e-05,-0.000206,44.03873321
1668305132.5842197,0.043621,0.043695,-1.617e-05,-0.000132,49.23523573
1668305192.6204083,0.043621,0.043695,-1.617e-05,-0.000132,49.23523573
1668305252.603572,0.043676,0.043676,-1.592e-05,-0.000152,47.90567709
1668305313.571824,0.043676,0.043692,-1.464e-05,-0.000136,49.02042044
1668305373.4754553,0.043676,0.043692,-1.464e-05,-0.000136,49.02042044
1668305433.4874015,0.0436,0.0436,-2.062e-05,-6e-05,42.84656517
1668305494.224527,0.0436,0.0436,-2.062e-05,-6e-05,42.84656517
1668305554.214552,0.0436,0.0436,-2.506e-05,-9.7e-05,42.84656517
1668305614.2122586,0.043644,0.043644,-2.475e-05,-0.000135,46.5784651
1668305675.104883,0.043644,0.043686,-2.14e-05,-9.3e-05,49.71277503
1668305735.0838616,0.043699,0.043699,-1.725e-05,3.3e-05,50.6773821
1668305795.003116,0.043699,0.043699,-1.725e-05,3.3e-05,50.6773821
1668305855.8171666,0.04375,0.04375,-9.73e-06,4.8e-05,54.37488285
1668305915.838895,0.04375,0.04375,-9.73e-06,4.8e-05,54.37488285
1668305975.8583343,0.04375,0.04375,-9.73e-06,4.8e-05,54.37488285
1668306036.8446462,0.04375,0.04375,-9.73e-06,4.8e-05,54.37488285
1668306096.8166242,0.04375,0.04375,-9.73e-06,4.8e-05,54.37488285
1668306156.8512385,0.04375,0.04375,-9.73e-06,4.8e-05,54.37488285
1668306217.5407426,0.04375,0.04375,-9.73e-06,4.8e-05,54.37488285
1668306277.613628,0.043749,0.043749,-3.81e-06,2.3e-05,54.28894429
1668306337.6975243,0.043713,0.043713,-5.02e-06,0.000112,51.38517709
1668306398.5779266,0.043703,0.043703,-2.66e-06,5.6e-05,50.42731503
1668306458.6093707,0.043703,0.043648,-7.05e-06,1e-06,46.44088896
1668306518.628353,0.043658,0.043658,-8.76e-06,-3.7e-05,47.25728769
1668306579.4648998,0.043682,0.043682,-8.08e-06,-1e-05,49.25643973
1668306639.2471535,0.043682,0.043682,-8.08e-06,-1e-05,49.25643973
1668306699.442136,0.043682,0.043682,-8.08e-06,-1e-05,49.25643973
1668306760.331879,0.043682,0.043682,-8.08e-06,-1e-05,49.25643973
1668306820.3854697,0.043618,0.043618,-1.256e-05,1.8e-05,44.42110909
1668306880.3166451,0.043612,0.043612,-1.9e-05,1.2e-05,44.81561596
1668306941.326727,0.04364,0.04364,-1.86e-05,-4.6e-05,47.12318186
1668307001.4279766,0.04364,0.043637,-1.884e-05,-4.9e-05,46.88149908
1668307061.3682942,0.04364,0.043637,-1.884e-05,-4.9e-05,46.88149908
1668307122.147148,0.043556,0.043556,-2.73e-05,-0.000194,41.17082086
1668307182.1214497,0.043556,0.043536,-2.889e-05,-0.000214,39.93155977
1668307242.4482431,0.043556,0.043536,-2.889e-05,-0.000214,39.93155977
1668307302.9986825,0.043537,0.043537,-3.415e-05,-0.000163,40.02876083
1668307363.0644352,0.043584,0.043584,-3.284e-05,-0.000145,44.43456736
1668307423.1825843,0.043584,0.043584,-3.284e-05,-0.000145,44.43456736
1668307484.028551,0.043579,0.043579,-3.769e-05,-7.9e-05,45.72004785
1668307543.8017683,0.043579,0.0436,-3.601e-05,-5.8e-05,47.3340658
1668307603.921533,0.043579,0.0436,-3.601e-05,-5.8e-05,47.3340658
1668307664.8853154,0.043579,0.0436,-3.601e-05,-5.8e-05,47.3340658
1668307724.868472,0.043603,0.043603,-3.286e-05,-7.9e-05,47.57389559
1668307784.8734932,0.043603,0.04356,-3.629e-05,-0.000122,44.61290157
1668307846.2569115,0.043596,0.043596,-2.725e-05,2e-05,47.19594374
1668307905.7418532,0.043596,0.043596,-2.725e-05,2e-05,47.19594374
1668307965.618557,0.043596,0.043596,-2.725e-05,2e-05,47.19594374
1668308026.7513106,0.04361,0.04361,-2.48e-05,-8e-06,48.27476709
1668308087.452644,0.04357,0.04357,-2.579e-05,-6.7e-05,45.41952907
1668308146.691637,0.04357,0.043641,-2.013e-05,4e-06,50.67771619
1668308207.722369,0.04356,0.04356,-2.27e-05,-4.2e-05,44.81888276
1668308268.0509386,0.04356,0.043634,-1.679e-05,3.2e-05,50.11160536
1668308327.6144524,0.04356,0.043634,-1.679e-05,3.2e-05,50.11160536
1668308388.4274828,0.043628,0.043628,-1.447e-05,9.2e-05,49.60015283
1668308448.6110148,0.043558,0.043558,-1.801e-05,0.0,43.95760273
1668308508.4689293,0.043558,0.043538,-1.96e-05,-2e-05,42.57518906
1668308569.3849452,0.043552,0.043552,-2.235e-05,-3.2e-05,43.9050628
1668308629.3223846,0.043325,0.043325,-5.658e-05,-0.000178,31.49975143
1668308689.541615,0.0434,0.0434,-6.067e-05,-0.0002,37.97444071
1668308750.4659324,0.043465,0.043465,-5.968e-05,-0.000192,43.12439371
1668308810.6876962,0.043485,0.043485,-5.664e-05,-0.000111,44.64729839
1668308870.915054,0.043536,0.043557,-4.872e-05,-5.3e-05,49.91841138
1668308931.5494444,0.043495,0.043495,-4.604e-05,-0.000146,45.91888682
1668308991.2960317,0.0435,0.043454,-4.502e-05,-0.00018,43.33021
1668309051.3021555,0.0435,0.043454,-4.502e-05,-0.00018,43.33021
1668309112.1241322,0.043461,0.043461,-4.874e-05,-7.7e-05,45.21947439
1668309172.2590244,0.043562,0.043562,-3.369e-05,0.000241,51.50154578
1668309232.0292923,0.043562,0.043609,-2.994e-05,0.000288,54.096146
1668309293.3416631,0.043606,0.043606,-2.005e-05,0.000254,53.89793727
1668309353.269203,0.043623,0.043623,-1.072e-05,0.000223,54.90622708
1668309413.2923634,0.043623,0.043586,-1.367e-05,0.000186,52.51645511
1668309474.1266117,0.043662,0.043663,-2.37e-06,0.000198,57.07787227
1668309534.2094731,0.043662,0.043663,-2.37e-06,0.000198,57.07787227
1668309594.2121212,0.043607,0.043607,2.04e-06,0.000136,53.08393062
1668309654.9267015,0.043607,0.043606,1.96e-06,0.000135,53.01768355
1668309715.1448684,0.043607,0.043606,1.96e-06,0.000135,53.01768355
1668309775.071808,0.04367,0.04367,1.646e-05,0.000148,56.77166971
1668309835.900063,0.04371,0.043697,2.316e-05,0.000243,58.41595684
1668309895.832901,0.043664,0.043664,2.601e-05,0.000277,55.68576754
1668309955.7859738,0.043664,0.043664,2.601e-05,0.000277,55.68576754
1668310017.1106174,0.043664,0.043664,2.601e-05,0.000277,55.68576754
1668310077.012877,0.043664,0.043664,2.795e-05,0.000124,55.68576754
1668310137.073055,0.043664,0.043664,2.795e-05,0.000124,55.68576754
1668310197.829086,0.043664,0.043664,2.795e-05,0.000124,55.68576754
1668310258.0020878,0.043664,0.043664,2.795e-05,0.000124,55.68576754
1668310317.8330534,0.043664,0.043664,2.795e-05,0.000124,55.68576754
1668310378.6231294,0.043664,0.043664,2.915e-05,5.5e-05,55.68576754
1668310438.5859685,0.043664,0.043664,2.976e-05,5.8e-05,55.68576754
1668310498.5946968,0.043664,0.043664,2.976e-05,5.8e-05,55.68576754
1668310559.5321698,0.043664,0.043664,2.989e-05,7.8e-05,55.68576754
1668310619.5273778,0.04361,0.04361,2.147e-05,-5.3e-05,50.53432321
1668310679.5843315,0.043527,0.043528,9.68e-06,-7.8e-05,43.61643343
1668310740.3943267,0.043554,0.043554,4.79e-06,-0.000108,46.22212515
1668310800.4235308,0.043619,0.043619,6.08e-06,-4.3e-05,52.17284772
1668310860.4099238,0.043619,0.043584,3.29e-06,-7.8e-05,49.14262392
1668310921.5169516,0.043619,0.043584,3.29e-06,-7.8e-05,49.14262392
1668310981.0437984,0.04353,0.04353,-2.23e-06,-0.000167,44.46204069
1668311041.1127934,0.04345,0.04345,-1.432e-05,-0.000214,38.7017806
1668311102.1065383,0.04345,0.043438,-1.528e-05,-0.000226,37.94885165
1668311162.0204766,0.04348,0.043421,-2.525e-05,-0.000243,36.85496724
1668311222.3124118,0.043491,0.043491,-2.719e-05,-0.000173,44.01154044
1668311282.7971468,0.043481,0.043481,-3.099e-05,-0.000183,43.22668116
1668311342.717729,0.043469,0.043469,-3.325e-05,-0.000132,42.08698281
1668311402.766578,0.043481,0.043481,-3.361e-05,-9.1e-05,43.70814498
1668311463.6118724,0.043481,0.043481,-3.361e-05,-9.1e-05,43.70814498
1668311523.914413,0.043481,0.043481,-3.361e-05,-9.1e-05,43.70814498
1668311583.5807507,0.043481,0.043481,-3.361e-05,-9.1e-05,43.70814498
